,0,1,2,3,4,5,6
0,Date,Open,High,Low,Close,Adj Close,Volume
1,2016-02-19,96.660004,97.300003,95.739998,97.250000,83.321266,2143300
2,2016-02-22,97.730003,99.480003,97.669998,98.750000,84.606430,1505900
3,2016-02-23,98.080002,99.239998,97.779999,98.830002,84.674973,1127300
4,2016-02-24,98.320000,99.120003,98.059998,98.900002,84.734947,1612400
5,2016-02-25,98.889999,99.440002,98.110001,98.910004,84.743523,1776100
6,2016-02-26,98.070000,98.070000,95.139999,95.559998,81.873329,2793600
7,2016-02-29,95.400002,97.620003,95.040001,96.510002,82.687263,2283100
8,2016-03-01,97.220001,97.349998,96.139999,96.570000,82.738655,1232400
9,2016-03-02,96.059998,97.449997,94.389999,97.430000,83.475494,1761800
10,2016-03-03,97.519997,98.870003,96.360001,98.559998,84.443634,1093700
11,2016-03-04,98.419998,98.860001,97.309998,97.860001,83.843918,1105300
12,2016-03-07,97.230003,97.849998,96.260002,97.400002,83.449791,1829400
13,2016-03-08,97.550003,98.589996,97.040001,98.339996,84.255157,1311000
14,2016-03-09,98.449997,99.739998,97.930000,98.870003,84.709251,999500
15,2016-03-10,98.750000,99.300003,97.150002,98.239998,84.169487,1170500
16,2016-03-11,98.940002,99.690002,98.769997,99.459999,85.214745,1356600
17,2016-03-14,99.430000,100.320000,98.720001,100.070000,85.737373,961100
18,2016-03-15,99.370003,100.389999,99.370003,100.199997,85.848747,1042600
19,2016-03-16,99.980003,101.000000,98.860001,100.620003,86.208603,1215300
20,2016-03-17,100.809998,103.250000,100.489998,103.040001,88.281990,1219700
21,2016-03-18,103.099998,103.959999,102.290001,103.230003,88.444786,2379500
22,2016-03-21,103.230003,103.339996,102.230003,102.900002,88.162056,1363600
23,2016-03-22,101.940002,103.150002,101.639999,102.739998,88.675583,1498400
24,2016-03-23,102.300003,102.529999,101.389999,101.830002,87.890160,1438200
25,2016-03-24,101.459999,102.769997,101.029999,102.550003,88.511620,865500
26,2016-03-28,102.739998,103.440002,102.139999,102.739998,88.675583,730100
27,2016-03-29,102.879997,104.320000,102.330002,104.150002,89.892578,949300
28,2016-03-30,104.699997,104.699997,103.099998,103.470001,89.305656,1221200
29,2016-03-31,103.379997,104.339996,103.379997,104.050003,89.806259,1265700
30,2016-04-01,103.919998,106.050003,103.379997,105.919998,91.420288,1695000
31,2016-04-04,105.589996,105.620003,104.940002,105.129997,90.738411,1376800
32,2016-04-05,104.550003,104.639999,102.959999,103.080002,88.969048,1191900
33,2016-04-06,102.849998,103.320000,102.099998,103.199997,89.072624,1072800
34,2016-04-07,102.730003,103.820000,102.379997,103.349998,89.202072,1161100
35,2016-04-08,103.639999,104.589996,103.639999,104.239998,89.970238,960000
36,2016-04-11,104.320000,104.870003,103.120003,103.320000,89.176193,887500
37,2016-04-12,103.529999,104.220001,103.019997,104.089996,89.840782,906000
38,2016-04-13,104.349998,104.430000,103.139999,103.970001,89.737206,766400
39,2016-04-14,103.959999,104.160004,103.459999,103.910004,89.685432,901800
40,2016-04-15,103.739998,104.959999,103.739998,104.599998,90.280968,824600
41,2016-04-18,104.599998,104.599998,103.550003,104.480003,90.177399,1075000
42,2016-04-19,104.550003,104.919998,103.830002,104.209999,89.944344,1035800
43,2016-04-20,104.459999,105.459999,102.379997,102.430000,88.408035,1345000
44,2016-04-21,102.190002,102.459999,100.470001,100.470001,86.716354,1179600
45,2016-04-22,100.800003,101.379997,100.400002,101.139999,87.294617,1014500
46,2016-04-25,101.129997,101.389999,100.440002,101.300003,87.432716,911000
47,2016-04-26,101.650002,102.080002,100.959999,101.199997,87.346413,897700
48,2016-04-27,101.470001,103.379997,100.559998,102.870003,88.787819,1031300
49,2016-04-28,102.040001,103.620003,102.040001,103.089996,88.977669,916400
50,2016-04-29,102.519997,103.430000,102.070000,103.349998,89.202072,1363400
51,2016-05-02,103.470001,105.320000,102.879997,104.889999,90.531288,1798700
52,2016-05-03,104.730003,105.309998,104.150002,104.889999,90.531288,1881700
53,2016-05-04,104.410004,106.910004,103.809998,105.070000,90.686623,1907500
54,2016-05-05,104.949997,106.070000,104.209999,105.440002,91.005981,1817600
55,2016-05-06,105.080002,105.209999,103.589996,104.760002,90.419067,1226600
56,2016-05-09,104.900002,105.089996,104.190002,104.629997,90.306831,992200
57,2016-05-10,104.930000,105.190002,104.279999,104.660004,90.332756,1000700
58,2016-05-11,104.820000,105.570000,103.910004,105.349998,90.928299,1220200
59,2016-05-12,105.379997,105.970001,104.839996,105.370003,90.945572,985100
60,2016-05-13,105.250000,105.419998,104.059998,104.400002,90.108360,779300
61,2016-05-16,104.489998,105.190002,103.889999,104.610001,90.289604,1071200
62,2016-05-17,104.180000,104.610001,103.129997,103.980003,89.745857,1416300
63,2016-05-18,103.379997,104.220001,101.730003,102.320000,88.313103,1302200
64,2016-05-19,101.790001,103.139999,101.169998,102.980003,88.882729,1275700
65,2016-05-20,103.349998,103.870003,102.610001,103.629997,89.443748,2498200
66,2016-05-23,103.879997,103.889999,102.790001,102.830002,88.753288,901800
67,2016-05-24,103.129997,104.389999,102.029999,104.330002,90.047935,1275200
68,2016-05-25,104.309998,105.190002,103.610001,104.580002,90.263710,1076700
69,2016-05-26,104.290001,105.129997,104.260002,104.769997,90.427711,916700
70,2016-05-27,104.820000,105.410004,104.360001,105.349998,90.928299,615600
71,2016-05-31,105.370003,107.279999,105.339996,107.120003,92.455994,2021900
72,2016-06-01,106.889999,107.199997,106.169998,106.779999,92.162537,1536900
73,2016-06-02,106.410004,106.989998,106.160004,106.730003,92.119392,1180300
74,2016-06-03,107.370003,109.900002,107.370003,109.459999,94.475677,2043900
75,2016-06-06,108.940002,109.349998,108.070000,109.029999,94.104538,1677200
76,2016-06-07,108.839996,109.370003,108.500000,108.690002,93.811089,809400
77,2016-06-08,108.750000,109.559998,108.750000,109.550003,94.553352,788400
78,2016-06-09,109.440002,110.269997,109.000000,110.000000,94.941757,770600
79,2016-06-10,109.800003,110.180000,108.940002,109.269997,94.311668,883000
80,2016-06-13,109.360001,109.769997,109.000000,109.400002,94.423889,832800
81,2016-06-14,109.400002,110.110001,108.910004,110.080002,95.010796,1049300
82,2016-06-15,110.080002,110.120003,108.930000,109.129997,94.190834,1207600
83,2016-06-16,109.110001,109.570000,108.559998,109.389999,94.415245,964400
84,2016-06-17,109.570000,109.940002,108.629997,109.650002,94.639679,1509000
85,2016-06-20,110.019997,110.400002,108.989998,109.309998,94.346222,1146300
86,2016-06-21,109.370003,110.889999,109.160004,110.440002,95.321510,1132000
87,2016-06-22,110.449997,110.669998,109.379997,109.529999,94.536095,918500
88,2016-06-23,110.019997,111.080002,109.610001,111.080002,95.873894,911500
89,2016-06-24,109.300003,111.820000,109.300003,110.339996,95.235199,1659900
90,2016-06-27,110.129997,111.779999,109.669998,111.389999,96.141464,1626000
91,2016-06-28,110.790001,111.459999,109.589996,110.440002,95.972008,1498500
92,2016-06-29,110.910004,111.300003,110.589996,111.269997,96.693268,1335200
93,2016-06-30,111.769997,114.029999,111.610001,114.019997,99.083031,1729800
94,2016-07-01,114.290001,114.400002,112.500000,113.489998,98.622452,1023700
95,2016-07-05,113.410004,114.139999,113.199997,113.599998,98.718056,1010400
96,2016-07-06,113.760002,114.660004,113.379997,114.500000,99.500145,1723500
97,2016-07-07,114.190002,114.500000,112.760002,113.059998,98.248787,1064700
98,2016-07-08,113.000000,114.220001,112.010002,114.110001,99.161224,1386300
99,2016-07-11,114.050003,114.349998,113.120003,114.290001,99.317657,1001500
100,2016-07-12,113.750000,114.430000,112.830002,113.220001,98.387825,864000
101,2016-07-13,113.480003,114.320000,113.120003,114.139999,99.187286,887700
102,2016-07-14,113.589996,113.589996,111.800003,113.050003,98.240105,1288000
103,2016-07-15,113.300003,113.989998,112.480003,112.930000,98.135818,1092500
104,2016-07-18,112.930000,113.449997,112.730003,112.949997,98.153206,1001900
105,2016-07-19,113.010002,113.250000,111.879997,112.309998,97.597031,2481700
106,2016-07-20,112.489998,112.779999,111.769997,111.989998,97.318954,1324500
107,2016-07-21,111.720001,113.199997,111.320000,113.059998,98.248787,1169600
108,2016-07-22,113.000000,113.919998,112.930000,113.779999,98.874466,640500
109,2016-07-25,113.349998,113.500000,112.419998,112.900002,98.109734,459800
110,2016-07-26,113.010002,113.099998,112.029999,112.360001,97.640488,614900
111,2016-07-27,112.330002,112.550003,110.000000,110.900002,96.371758,1007900
112,2016-07-28,111.000000,111.650002,110.379997,111.379997,96.788864,741200
113,2016-07-29,111.379997,112.040001,110.849998,111.879997,97.223366,884200
114,2016-08-01,111.669998,111.959999,111.320000,111.610001,96.988739,632700
115,2016-08-02,111.199997,111.209999,110.239998,110.790001,96.276161,498500
116,2016-08-03,110.790001,110.949997,109.959999,110.349998,95.893806,931200
117,2016-08-04,110.389999,111.360001,109.449997,110.290001,95.841682,1057100
118,2016-08-05,110.110001,110.110001,106.760002,107.040001,93.017426,1357100
119,2016-08-08,107.040001,108.290001,106.779999,106.980003,92.965294,1045200
120,2016-08-09,106.900002,107.099998,105.989998,106.389999,92.452576,1048600
121,2016-08-10,106.660004,107.169998,106.320000,106.760002,92.774109,604700
122,2016-08-11,106.860001,107.059998,106.410004,106.989998,92.973969,813400
123,2016-08-12,106.989998,107.839996,106.690002,106.989998,92.973969,527800
124,2016-08-15,106.949997,107.599998,105.830002,105.910004,92.035461,810000
125,2016-08-16,105.720001,105.900002,104.720001,104.800003,91.070869,692100
126,2016-08-17,104.760002,106.320000,103.910004,106.209999,92.296165,1323200
127,2016-08-18,105.949997,108.480003,105.949997,108.459999,94.251396,1452500
128,2016-08-19,108.050003,108.629997,107.230003,107.949997,93.808212,1052900
129,2016-08-22,108.169998,108.589996,107.580002,107.760002,93.643097,684400
130,2016-08-23,107.730003,108.580002,106.830002,106.870003,92.869713,689100
131,2016-08-24,106.800003,107.139999,105.830002,106.800003,92.808861,726900
132,2016-08-25,106.750000,107.160004,106.279999,106.510002,92.556854,778400
133,2016-08-26,106.860001,107.239998,103.919998,104.440002,90.758041,1235000
134,2016-08-29,104.830002,105.410004,104.410004,104.750000,91.027412,1209200
135,2016-08-30,104.949997,105.370003,103.730003,104.050003,90.419121,1099100
136,2016-08-31,104.099998,104.730003,103.620003,104.629997,90.923126,1277400
137,2016-09-01,104.699997,104.870003,103.379997,103.699997,90.114983,846000
138,2016-09-02,103.739998,104.889999,103.239998,104.300003,90.636368,908100
139,2016-09-06,104.599998,106.139999,104.190002,106.089996,92.191872,1521500
140,2016-09-07,105.800003,106.080002,105.550003,106.040001,92.148430,799800
141,2016-09-08,105.550003,107.320000,105.550003,107.059998,93.034790,1329700
142,2016-09-09,106.300003,106.660004,102.870003,102.900002,89.419777,1864800
143,2016-09-12,102.610001,104.860001,102.370003,104.529999,90.836243,1747600
144,2016-09-13,104.360001,104.360001,102.150002,102.529999,89.098244,1098500
145,2016-09-14,102.779999,104.150002,102.349998,104.129997,90.488647,2091600
146,2016-09-15,104.029999,105.559998,103.660004,105.199997,91.418480,1688100
147,2016-09-16,105.320000,106.769997,104.370003,106.620003,92.652443,4958500
148,2016-09-19,106.790001,108.080002,106.489998,107.940002,93.799515,1603600
149,2016-09-20,108.180000,109.489998,108.160004,108.419998,94.216660,1468000
150,2016-09-21,108.070000,110.320000,108.070000,110.269997,95.824272,1472300
151,2016-09-22,110.769997,111.400002,109.830002,110.580002,96.093681,892400
152,2016-09-23,110.019997,110.470001,109.730003,109.910004,95.511459,1073500
153,2016-09-26,109.989998,110.970001,109.519997,110.760002,96.250107,1661300
154,2016-09-27,110.370003,111.139999,107.919998,108.180000,94.653290,1312300
155,2016-09-28,108.430000,109.010002,107.370003,108.650002,95.064537,842600
156,2016-09-29,108.410004,108.529999,106.690002,106.949997,93.577087,1104300
157,2016-09-30,107.529999,107.949997,106.930000,107.190002,93.787086,1813400
158,2016-10-03,107.000000,107.000000,104.559998,105.080002,91.940926,1217300
159,2016-10-04,104.790001,104.790001,101.919998,102.720001,89.876007,1581500
160,2016-10-05,103.010002,104.230003,102.430000,102.730003,89.884766,1588500
161,2016-10-06,102.449997,103.489998,101.699997,103.089996,90.199722,890300
162,2016-10-07,103.440002,104.550003,102.570000,102.660004,89.823509,1200100
163,2016-10-10,103.010002,104.419998,102.959999,104.309998,91.267189,964700
164,2016-10-11,103.949997,103.949997,102.209999,102.769997,89.919746,1139500
165,2016-10-12,103.050003,103.750000,102.699997,103.489998,90.549728,1110900
166,2016-10-13,103.639999,105.230003,103.139999,104.599998,91.520927,1042200
167,2016-10-14,105.209999,105.209999,103.680000,104.010002,91.004700,975000
168,2016-10-17,104.190002,104.580002,103.940002,104.459999,91.398445,774400
169,2016-10-18,105.199997,105.529999,103.900002,105.059998,91.923409,582100
170,2016-10-19,105.199997,105.400002,104.580002,104.650002,91.564690,809900
171,2016-10-20,104.779999,105.570000,104.660004,105.349998,92.177147,1017000
172,2016-10-21,104.830002,105.169998,104.360001,104.849998,91.739677,696500
173,2016-10-24,105.389999,105.809998,104.629997,105.209999,92.054657,995500
174,2016-10-25,104.989998,106.430000,104.839996,106.410004,93.104607,684400
175,2016-10-26,106.209999,109.419998,104.970001,105.349998,92.177147,1699400
176,2016-10-27,104.809998,105.230003,103.360001,104.570000,91.494675,1258300
177,2016-10-28,104.809998,105.839996,104.150002,105.099998,91.958412,682900
178,2016-10-31,105.669998,107.639999,105.459999,107.099998,93.708328,1202600
179,2016-11-01,107.099998,107.099998,104.540001,104.849998,91.739677,1056800
180,2016-11-02,104.849998,105.220001,99.070000,99.360001,86.936127,4334600
181,2016-11-03,99.080002,101.300003,98.690002,100.980003,88.353561,1402800
182,2016-11-04,101.470001,103.430000,101.470001,102.099998,89.333519,1944100
183,2016-11-07,102.739998,104.110001,101.930000,104.070000,91.057213,1421800
184,2016-11-08,104.099998,104.940002,103.720001,104.379997,91.328430,710800
185,2016-11-09,102.690002,102.690002,98.029999,99.669998,87.207375,3926800
186,2016-11-10,98.739998,99.040001,96.559998,97.239998,85.081215,2393600
187,2016-11-11,97.220001,97.989998,95.400002,95.690002,83.725037,1783300
188,2016-11-14,95.769997,95.769997,92.949997,94.739998,82.893814,3650300
189,2016-11-15,95.330002,97.559998,94.849998,97.050003,84.914978,1916600
190,2016-11-16,97.279999,98.349998,96.529999,98.309998,86.017426,1851800
191,2016-11-17,98.040001,99.730003,98.040001,99.529999,87.084877,1709500
192,2016-11-18,99.459999,100.650002,99.279999,99.820000,87.338623,1974400
193,2016-11-21,100.250000,100.320000,98.860001,99.709999,87.242363,1281900
194,2016-11-22,99.949997,100.760002,99.660004,100.190002,87.662361,989000
195,2016-11-23,100.000000,100.339996,98.120003,98.680000,86.341171,1327300
196,2016-11-25,98.989998,99.959999,98.830002,99.459999,87.023628,428100
197,2016-11-28,99.650002,101.779999,99.650002,101.250000,88.589806,1832200
198,2016-11-29,100.860001,102.370003,100.139999,101.269997,88.607300,1216000
199,2016-11-30,101.269997,101.639999,99.599998,99.800003,87.321129,1489900
200,2016-12-01,99.180000,99.779999,98.610001,99.349998,86.927383,845100
201,2016-12-02,99.860001,101.529999,99.550003,99.900002,87.408623,725800
202,2016-12-05,99.389999,99.510002,98.120003,98.910004,86.542419,940500
203,2016-12-06,99.419998,99.870003,98.589996,98.660004,86.323669,1278600
204,2016-12-07,98.889999,99.650002,98.720001,99.519997,87.076118,1234000
205,2016-12-08,99.019997,99.760002,98.489998,99.580002,87.128632,814900
206,2016-12-09,99.709999,101.050003,99.529999,100.709999,88.117325,1115800
207,2016-12-12,100.309998,103.129997,100.209999,102.989998,90.112251,1164100
208,2016-12-13,103.419998,104.699997,103.279999,103.970001,90.969696,1056000
209,2016-12-14,104.080002,104.629997,100.489998,100.650002,88.064835,1013800
210,2016-12-15,100.269997,101.160004,99.480003,100.769997,88.169838,837700
211,2016-12-16,100.820000,102.339996,100.730003,102.139999,89.368515,2228600
212,2016-12-19,102.959999,103.970001,102.019997,103.519997,90.575958,1285100
213,2016-12-20,103.260002,103.809998,102.910004,103.099998,90.208481,788700
214,2016-12-21,103.010002,103.480003,101.830002,101.839996,89.106018,1100800
215,2016-12-22,102.129997,102.559998,101.599998,102.129997,89.359779,913800
216,2016-12-23,102.199997,102.519997,101.349998,101.669998,88.957275,474800
217,2016-12-27,100.779999,101.430000,100.330002,101.230003,89.234978,466800
218,2016-12-28,101.430000,101.430000,99.769997,99.919998,88.080200,479000
219,2016-12-29,100.430000,101.500000,100.129997,100.989998,89.023415,763500
220,2016-12-30,100.949997,101.269997,100.349998,100.639999,88.714882,939800
221,2017-01-03,100.930000,101.260002,99.849998,101.129997,89.146828,1113200
222,2017-01-04,101.389999,103.139999,101.169998,102.000000,89.913742,1389100
223,2017-01-05,102.000000,102.260002,100.120003,101.760002,89.702171,2008100
224,2017-01-06,101.449997,103.160004,101.209999,102.919998,90.724716,934600
225,2017-01-09,102.930000,103.629997,101.279999,101.379997,89.367210,1005100
226,2017-01-10,101.040001,101.699997,100.089996,101.059998,89.085106,929300
227,2017-01-11,100.919998,102.519997,100.800003,102.129997,90.028328,1469200
228,2017-01-12,102.139999,102.900002,101.279999,101.839996,89.772682,806800
229,2017-01-13,101.589996,102.330002,101.169998,101.769997,89.710968,636000
230,2017-01-17,101.989998,103.480003,101.680000,103.400002,91.147835,771700
231,2017-01-18,103.500000,104.250000,103.410004,103.779999,91.482819,1015400
232,2017-01-19,103.620003,103.620003,101.769997,102.080002,89.984253,740200
233,2017-01-20,102.220001,102.949997,101.599998,102.440002,90.301605,789900
234,2017-01-23,102.620003,103.480003,101.980003,102.199997,90.090027,1207700
235,2017-01-24,102.099998,102.889999,101.870003,102.669998,90.504333,1228900
236,2017-01-25,102.650002,102.690002,101.589996,102.570000,90.416199,1013400
237,2017-01-26,102.389999,103.010002,101.599998,102.279999,90.160561,845400
238,2017-01-27,102.580002,102.589996,101.120003,101.440002,89.420097,576100
239,2017-01-30,101.779999,101.779999,99.709999,100.820000,88.873543,1151600
240,2017-01-31,100.930000,102.510002,100.639999,102.389999,90.257530,947600
241,2017-02-01,101.589996,102.220001,100.790001,101.419998,89.402451,681000
242,2017-02-02,101.589996,102.760002,100.800003,102.720001,90.548416,637000
243,2017-02-03,102.970001,103.230003,102.639999,102.790001,90.610130,571800
244,2017-02-06,103.000000,103.279999,101.959999,102.599998,90.442635,461900
245,2017-02-07,102.650002,102.959999,102.089996,102.550003,90.398575,533300
246,2017-02-08,102.500000,104.430000,102.500000,104.209999,91.861862,795800
247,2017-02-09,104.279999,104.639999,103.500000,103.650002,91.368210,751100
248,2017-02-10,103.349998,104.519997,103.349998,104.349998,91.985268,632200
249,2017-02-13,104.389999,105.220001,104.290001,105.160004,92.699287,538300
250,2017-02-14,104.760002,105.169998,103.809998,104.330002,91.967636,576700
251,2017-02-15,103.339996,104.370003,103.190002,104.320000,91.958817,690800
252,2017-02-16,104.550003,105.919998,104.449997,105.900002,93.351616,662100
253,2017-02-17,105.910004,106.139999,104.879997,105.849998,93.307518,893700
254,2017-02-21,105.620003,106.720001,105.300003,106.480003,93.862885,777600
255,2017-02-22,106.629997,107.570000,106.209999,107.150002,94.453491,637300
256,2017-02-23,107.629997,109.120003,107.320000,108.510002,95.652344,921000
257,2017-02-24,108.370003,109.330002,108.370003,109.089996,96.163620,1082800
258,2017-02-27,109.089996,109.099998,108.330002,108.809998,95.916809,879600
259,2017-02-28,109.110001,110.949997,108.669998,110.290001,97.221428,2057900
260,2017-03-01,109.860001,110.650002,108.730003,109.650002,96.657272,1182600
261,2017-03-02,109.279999,110.279999,108.959999,109.750000,96.745415,1152400
262,2017-03-03,109.820000,109.820000,108.339996,109.230003,96.287033,771100
263,2017-03-06,108.940002,109.959999,108.629997,109.940002,96.912895,1033500
264,2017-03-07,109.790001,111.019997,109.519997,110.580002,97.477058,1122700
265,2017-03-08,109.290001,109.760002,108.260002,108.440002,95.590637,858700
266,2017-03-09,108.519997,109.389999,107.889999,108.050003,95.246857,756200
267,2017-03-10,108.910004,109.540001,108.339996,109.400002,96.436882,812100
268,2017-03-13,109.400002,109.919998,109.070000,109.760002,96.754219,645900
269,2017-03-14,109.260002,109.860001,108.849998,109.160004,96.225327,524400
270,2017-03-15,109.660004,111.830002,109.459999,111.230003,98.050049,916600
271,2017-03-16,111.559998,111.559998,109.669998,110.160004,97.106827,791100
272,2017-03-17,110.440002,111.510002,110.400002,110.760002,97.635735,1361400
273,2017-03-20,110.910004,111.250000,109.800003,110.389999,97.309578,901500
274,2017-03-21,109.650002,111.580002,109.230003,111.260002,98.813171,1002000
275,2017-03-22,111.620003,112.570000,111.389999,111.940002,99.417107,1104300
276,2017-03-23,112.029999,113.080002,111.190002,111.580002,99.097382,976700
277,2017-03-24,111.629997,112.790001,111.400002,112.470001,99.887810,940100
278,2017-03-27,112.230003,113.150002,111.250000,111.599998,99.115143,769900
279,2017-03-28,111.500000,112.180000,111.330002,112.070000,99.532562,786900
280,2017-03-29,111.760002,112.000000,111.099998,111.279999,98.830948,812200
281,2017-03-30,110.790001,110.879997,110.089996,110.230003,97.898422,886200
282,2017-03-31,110.089996,111.160004,110.089996,110.500000,98.138199,1271300
283,2017-04-03,110.480003,110.779999,109.160004,109.860001,97.569801,1301400
284,2017-04-04,109.989998,110.849998,109.720001,110.379997,98.031616,858400
285,2017-04-05,110.500000,110.650002,107.860001,109.440002,97.196770,2483000
286,2017-04-06,109.260002,109.860001,108.699997,109.750000,97.472107,1431700
287,2017-04-07,109.980003,110.919998,109.610001,109.680000,97.409943,1339500
288,2017-04-10,109.680000,110.870003,109.360001,110.650002,98.271423,1107100
289,2017-04-11,110.500000,110.849998,109.739998,110.480003,98.120453,792100
290,2017-04-12,110.080002,111.500000,109.930000,111.459999,98.990799,949300
291,2017-04-13,111.349998,111.980003,110.870003,111.500000,99.026329,984800
292,2017-04-17,111.529999,112.260002,110.940002,112.260002,99.701309,1226100
293,2017-04-18,112.349998,112.559998,111.709999,112.500000,99.914459,1054300
294,2017-04-19,112.379997,112.809998,111.220001,111.500000,99.026329,1545200
295,2017-04-20,111.500000,112.769997,110.250000,112.290001,99.727951,2381800
296,2017-04-21,112.349998,113.279999,112.309998,112.519997,99.932205,1471900
297,2017-04-24,112.739998,113.639999,111.970001,113.300003,100.624969,1350700
298,2017-04-25,112.910004,113.680000,112.769997,113.610001,100.900284,899300
299,2017-04-26,113.050003,113.940002,112.910004,112.989998,100.349625,1015400
300,2017-04-27,112.900002,113.959999,112.900002,113.410004,100.722656,1000100
301,2017-04-28,113.330002,113.500000,112.440002,113.019997,100.376282,1232900
302,2017-05-01,113.190002,113.370003,111.400002,111.790001,99.283875,1044200
303,2017-05-02,111.980003,112.339996,111.550003,112.139999,99.594742,657000
304,2017-05-03,111.889999,112.379997,111.339996,111.419998,98.955276,685400
305,2017-05-04,111.029999,111.650002,110.730003,111.370003,98.910873,899200
306,2017-05-05,111.879997,112.290001,111.610001,112.150002,99.603607,1264700
307,2017-05-08,112.080002,112.379997,111.459999,111.940002,99.417107,1042500
308,2017-05-09,111.889999,112.860001,111.139999,111.529999,99.052971,815600
309,2017-05-10,111.709999,112.930000,110.930000,111.650002,99.159546,1487100
310,2017-05-11,111.320000,111.419998,110.410004,111.370003,98.910873,828500
311,2017-05-12,111.320000,112.040001,111.309998,111.610001,99.124023,1007300
312,2017-05-15,111.559998,112.230003,111.339996,111.959999,99.434868,887100
313,2017-05-16,112.080002,112.489998,110.580002,110.620003,98.244781,730400
314,2017-05-17,110.620003,111.440002,110.029999,110.559998,98.191490,2533700
315,2017-05-18,110.919998,111.919998,110.129997,110.760002,98.369118,1400000
316,2017-05-19,110.489998,111.639999,110.199997,111.500000,99.026329,2589500
317,2017-05-22,111.570000,113.029999,111.440002,112.870003,100.243050,1175500
318,2017-05-23,112.949997,114.029999,112.309998,113.269997,100.598312,2394500
319,2017-05-24,113.309998,113.849998,113.300003,113.760002,101.033508,983800
320,2017-05-25,113.669998,114.820000,113.570000,114.550003,101.735130,685800
321,2017-05-26,114.550003,114.769997,114.129997,114.480003,101.672943,560200
322,2017-05-30,114.379997,116.570000,114.180000,115.660004,102.720932,1932100
323,2017-05-31,115.910004,116.959999,115.900002,116.489998,103.458092,1463400
324,2017-06-01,116.470001,117.150002,116.250000,117.139999,104.035378,924200
325,2017-06-02,117.709999,117.919998,117.169998,117.500000,104.355110,904900
326,2017-06-05,117.389999,117.809998,116.839996,117.430000,104.292923,1156600
327,2017-06-06,117.589996,117.589996,116.870003,117.070000,103.973213,1224900
328,2017-06-07,117.129997,117.970001,117.029999,117.459999,104.319572,1844900
329,2017-06-08,117.459999,117.459999,115.070000,115.529999,102.605484,2593300
330,2017-06-09,115.169998,115.919998,113.870003,115.000000,102.134789,3991800
331,2017-06-12,115.120003,115.309998,114.500000,114.709999,101.877213,1919000
332,2017-06-13,114.720001,114.720001,113.870003,114.449997,101.646309,978700
333,2017-06-14,115.309998,115.860001,113.919998,114.410004,101.610794,1711200
334,2017-06-15,114.139999,115.169998,114.089996,114.980003,102.117012,1857100
335,2017-06-16,115.360001,116.470001,115.230003,116.389999,103.369270,1528400
336,2017-06-19,116.419998,116.419998,115.430000,115.980003,103.005150,936100
337,2017-06-20,116.000000,116.239998,115.440002,115.519997,102.596611,850500
338,2017-06-21,115.639999,115.639999,113.430000,113.879997,101.140076,1909900
339,2017-06-22,113.860001,114.019997,113.290001,113.370003,100.687141,870100
340,2017-06-23,113.209999,113.750000,112.709999,112.809998,100.189766,1294800
341,2017-06-26,112.830002,114.220001,112.559998,114.040001,101.282173,1561800
342,2017-06-27,113.589996,114.720001,113.169998,113.720001,100.997971,2038200
343,2017-06-28,114.389999,114.849998,113.110001,113.180000,100.518387,1122100
344,2017-06-29,112.580002,113.620003,112.110001,112.989998,100.349625,1141400
345,2017-06-30,113.089996,114.070000,112.739998,112.750000,100.136497,1008600
346,2017-07-03,113.129997,113.129997,112.029999,112.180000,99.630249,456800
347,2017-07-05,111.430000,111.699997,110.680000,111.139999,99.436104,862200
348,2017-07-06,110.879997,111.290001,110.580002,110.919998,99.239273,729300
349,2017-07-07,111.129997,111.160004,110.349998,110.529999,98.890350,848200
350,2017-07-10,111.019997,111.379997,110.589996,110.769997,99.105072,842500
351,2017-07-11,111.059998,111.139999,110.459999,110.870003,99.194550,1136400
352,2017-07-12,111.900002,112.209999,111.330002,111.500000,99.758194,1146300
353,2017-07-13,111.440002,112.459999,110.980003,111.610001,99.856628,968300
354,2017-07-14,112.370003,112.690002,111.839996,112.150002,100.339745,792900
355,2017-07-17,112.220001,112.220001,111.599998,112.029999,100.232384,998300
356,2017-07-18,112.330002,112.500000,111.940002,112.199997,100.384476,600600
357,2017-07-19,112.370003,112.940002,111.800003,112.940002,101.046555,646400
358,2017-07-20,113.290001,114.070000,112.930000,114.059998,102.048607,707700
359,2017-07-21,113.989998,114.930000,113.339996,114.930000,102.826996,845900
360,2017-07-24,114.919998,114.949997,113.239998,113.330002,101.395493,927500
361,2017-07-25,113.370003,113.370003,112.580002,112.760002,100.885513,692100
362,2017-07-26,112.690002,113.339996,112.400002,113.330002,101.395493,884900
363,2017-07-27,113.209999,113.209999,112.290001,113.080002,101.171814,998900
364,2017-07-28,112.970001,113.720001,112.529999,113.040001,101.136032,772800
365,2017-07-31,113.150002,113.589996,112.650002,113.010002,101.109184,1652900
366,2017-08-01,113.010002,114.930000,112.849998,114.489998,102.433327,1319800
367,2017-08-02,114.000000,115.080002,113.760002,115.040001,102.925415,629600
368,2017-08-03,114.779999,116.269997,114.690002,116.029999,103.811150,1207800
369,2017-08-04,116.290001,117.370003,115.300003,117.190002,104.849007,999100
370,2017-08-07,117.190002,117.589996,116.639999,117.120003,104.786362,955700
371,2017-08-08,117.029999,117.580002,116.820000,117.489998,105.117409,869200
372,2017-08-09,117.550003,117.550003,116.279999,116.730003,104.437431,821700
373,2017-08-10,116.339996,116.400002,115.040001,116.059998,103.837982,1347100
374,2017-08-11,116.199997,116.199997,115.239998,115.610001,103.435387,518000
375,2017-08-14,115.650002,116.440002,115.320000,116.430000,104.169052,1021500
376,2017-08-15,115.699997,116.949997,115.699997,116.800003,104.500076,1133000
377,2017-08-16,116.889999,117.199997,116.589996,116.959999,104.643204,566700
378,2017-08-17,117.080002,117.410004,115.739998,115.790001,103.596428,720100
379,2017-08-18,115.629997,116.629997,115.339996,116.550003,104.276405,848000
380,2017-08-21,116.769997,118.779999,116.650002,118.400002,105.931572,1847400
381,2017-08-22,118.430000,118.769997,117.900002,118.279999,105.824219,1169200
382,2017-08-23,118.230003,118.690002,117.040001,118.629997,106.137352,1078900
383,2017-08-24,118.449997,119.199997,118.260002,119.070000,106.531021,897300
384,2017-08-25,119.070000,119.660004,119.000000,119.029999,106.495239,996800
385,2017-08-28,119.570000,119.570000,118.690002,119.209999,106.656273,742700
386,2017-08-29,119.269997,119.459999,118.730003,118.779999,106.271561,639700
387,2017-08-30,118.489998,118.669998,117.519997,117.750000,105.350021,645300
388,2017-08-31,117.970001,118.220001,117.730003,117.930000,105.511070,829300
389,2017-09-01,118.309998,118.559998,117.529999,117.940002,105.520020,439300
390,2017-09-05,118.059998,118.320000,117.309998,117.639999,105.251610,848800
391,2017-09-06,117.870003,117.870003,116.720001,117.199997,104.857956,776900
392,2017-09-07,117.400002,119.190002,116.750000,118.970001,106.441544,1000300
393,2017-09-08,118.949997,119.190002,118.440002,119.160004,106.611542,568800
394,2017-09-11,118.959999,120.099998,118.800003,120.059998,107.416748,956300
395,2017-09-12,119.900002,120.169998,117.589996,118.339996,105.877884,960100
396,2017-09-13,118.059998,118.690002,117.980003,118.120003,105.681076,1102300
397,2017-09-14,118.150002,119.419998,117.639999,119.089996,106.548912,1360700
398,2017-09-15,119.669998,119.709999,118.849998,119.290001,106.727852,1662300
399,2017-09-18,119.209999,119.419998,117.160004,117.660004,105.269508,1258300
400,2017-09-19,117.750000,118.169998,117.269997,117.580002,105.197929,796300
401,2017-09-20,117.599998,118.110001,116.410004,116.580002,104.303223,1408400
402,2017-09-21,116.000000,116.860001,115.889999,115.910004,104.441078,1248200
403,2017-09-22,116.379997,116.379997,115.720001,115.940002,104.468124,1194700
404,2017-09-25,116.110001,117.010002,115.709999,116.879997,105.315125,1098600
405,2017-09-26,116.860001,117.040001,116.180000,116.260002,104.756470,879900
406,2017-09-27,115.849998,115.959999,114.019997,114.500000,103.170593,923400
407,2017-09-28,114.050003,114.599998,113.550003,114.580002,103.242699,970700
408,2017-09-29,114.440002,114.750000,113.900002,114.129997,102.837227,886700
409,2017-10-02,114.559998,115.180000,113.919998,113.980003,102.702057,870000
410,2017-10-03,114.019997,114.169998,113.550003,113.870003,102.602943,1123900
411,2017-10-04,113.879997,114.620003,113.760002,114.559998,103.224678,1166700
412,2017-10-05,114.000000,114.000000,111.269997,112.019997,100.936012,2225700
413,2017-10-06,111.610001,111.980003,110.000000,111.949997,100.872925,1373000
414,2017-10-09,112.199997,113.260002,112.199997,112.629997,101.485626,1024600
415,2017-10-10,112.949997,114.510002,112.760002,113.809998,102.548866,1710000
416,2017-10-11,114.570000,115.510002,114.169998,114.940002,103.567070,1432200
417,2017-10-12,114.930000,116.169998,114.510002,115.959999,104.486153,1161000
418,2017-10-13,116.260002,116.489998,114.110001,114.870003,103.504005,1237800
419,2017-10-16,114.559998,114.889999,114.139999,114.459999,103.134560,712800
420,2017-10-17,114.279999,114.589996,113.570000,114.040001,102.756134,1121500
421,2017-10-18,113.440002,114.059998,112.849998,113.050003,101.864082,798300
422,2017-10-19,113.260002,114.349998,113.239998,114.089996,102.801163,2185600
423,2017-10-20,113.970001,114.290001,113.599998,114.129997,102.837227,1235500
424,2017-10-23,114.330002,114.680000,114.050003,114.430000,103.107544,1520200
425,2017-10-24,114.250000,115.029999,114.010002,114.959999,103.585091,1125500
426,2017-10-25,114.629997,114.699997,113.269997,114.309998,102.999397,1748400
427,2017-10-26,115.220001,115.760002,114.550003,115.110001,103.720253,1197300
428,2017-10-27,114.820000,116.190002,114.779999,115.639999,104.197807,1167400
429,2017-10-30,115.440002,117.720001,114.099998,117.449997,105.828720,2481100
430,2017-10-31,117.599998,117.970001,116.809998,117.500000,105.873779,1348800
431,2017-11-01,116.970001,117.269997,115.910004,116.629997,105.089851,1447600
432,2017-11-02,116.760002,117.860001,116.459999,117.809998,106.153091,1405700
433,2017-11-03,117.540001,119.339996,117.540001,118.980003,107.207336,1271400
434,2017-11-06,119.320000,119.440002,118.550003,118.870003,107.108215,995100
435,2017-11-07,118.989998,120.860001,118.550003,120.519997,108.594940,1108100
436,2017-11-08,120.250000,121.379997,120.129997,121.029999,109.054489,1632600
437,2017-11-09,120.589996,121.699997,120.580002,121.379997,109.369850,824600
438,2017-11-10,120.629997,121.360001,120.349998,121.129997,109.144585,1239000
439,2017-11-13,121.379997,122.309998,121.010002,121.959999,109.892464,794300
440,2017-11-14,121.639999,122.620003,121.559998,122.230003,110.135750,1513800
441,2017-11-15,122.680000,122.980003,120.410004,120.410004,108.495842,1900600
442,2017-11-16,120.360001,120.610001,119.559998,119.860001,108.000259,1339300
443,2017-11-17,119.620003,120.180000,119.160004,119.510002,107.684898,1701700
444,2017-11-20,119.550003,119.889999,118.699997,118.800003,107.045128,1321700
445,2017-11-21,119.019997,119.330002,118.449997,118.820000,107.063171,1360300
446,2017-11-22,118.949997,119.599998,118.220001,118.660004,106.918999,974700
447,2017-11-24,118.959999,119.320000,118.449997,118.699997,106.955032,306600
448,2017-11-27,118.959999,119.650002,118.529999,119.430000,107.612793,886500
449,2017-11-28,119.599998,120.470001,119.459999,119.580002,107.747963,1313400
450,2017-11-29,119.099998,120.400002,118.660004,120.260002,108.360687,1053000
451,2017-11-30,120.250000,121.559998,120.150002,120.989998,109.018448,1738000
452,2017-12-01,121.339996,121.730003,119.720001,120.480003,108.558914,1195300
453,2017-12-04,120.269997,121.589996,120.019997,120.489998,108.567924,908800
454,2017-12-05,120.500000,120.540001,115.660004,116.220001,104.720421,3136500
455,2017-12-06,116.220001,116.650002,115.379997,116.309998,104.801514,1703300
456,2017-12-07,116.040001,116.629997,115.309998,116.430000,104.909645,1933500
457,2017-12-08,116.129997,116.730003,114.000000,116.690002,105.143913,1921400
458,2017-12-11,116.529999,118.080002,116.129997,118.029999,106.351326,1640800
459,2017-12-12,117.070000,117.070000,114.540001,114.690002,103.341820,1608700
460,2017-12-13,115.309998,115.930000,114.669998,115.239998,103.837395,1867800
461,2017-12-14,114.589996,115.910004,114.050003,115.779999,104.323952,1191700
462,2017-12-15,116.489998,117.550003,115.300003,116.529999,104.999748,1944000
463,2017-12-18,116.480003,116.809998,114.459999,115.070000,103.684212,1170600
464,2017-12-19,115.110001,115.599998,112.169998,112.190002,101.089172,1162000
465,2017-12-20,112.360001,112.650002,111.519997,111.930000,100.854912,1426200
466,2017-12-21,110.809998,111.250000,106.699997,106.910004,96.331604,4550300
467,2017-12-22,105.860001,108.769997,105.029999,108.309998,97.593086,2239600
468,2017-12-26,108.209999,108.860001,107.669998,107.940002,97.259689,961600
469,2017-12-27,108.320000,108.919998,107.540001,107.830002,97.160591,1071100
470,2017-12-28,107.360001,107.849998,106.720001,107.080002,97.226875,1274000
471,2017-12-29,107.279999,107.580002,106.540001,106.919998,97.081589,872700
472,2018-01-02,107.239998,107.480003,105.279999,105.349998,95.656052,2285500
473,2018-01-03,102.989998,108.500000,102.989998,108.139999,98.189331,3571400
474,2018-01-04,108.089996,109.690002,106.849998,107.419998,97.535576,3502700
475,2018-01-05,108.839996,109.739998,107.599998,108.449997,98.470787,12607600
476,2018-01-08,108.449997,108.529999,107.620003,108.480003,98.498055,3887800
477,2018-01-09,108.559998,108.699997,107.519997,107.620003,97.717178,4307000
478,2018-01-10,106.849998,107.500000,106.730003,107.190002,97.326759,2579400
479,2018-01-11,107.269997,107.550003,106.389999,106.699997,96.881836,1839100
480,2018-01-12,106.339996,107.440002,106.129997,106.889999,97.054344,2561900
481,2018-01-16,107.779999,107.809998,106.500000,107.059998,97.208702,3808700
482,2018-01-17,106.959999,107.089996,106.029999,106.589996,96.781960,2153300
483,2018-01-18,106.209999,106.580002,104.930000,106.019997,96.264389,3442400
484,2018-01-19,106.129997,106.529999,105.680000,105.989998,96.237167,2167800
485,2018-01-22,106.660004,106.959999,104.830002,105.050003,95.383667,2748500
486,2018-01-23,105.139999,107.099998,105.080002,106.220001,96.445999,2601500
487,2018-01-24,106.230003,106.459999,105.459999,105.680000,95.955681,3445400
488,2018-01-25,105.949997,106.470001,105.570000,106.400002,96.609451,1835100
489,2018-01-26,106.720001,106.739998,104.620003,105.529999,95.819489,3059400
490,2018-01-29,105.099998,105.419998,103.660004,104.449997,94.838867,2433100
491,2018-01-30,104.500000,106.180000,104.400002,105.830002,96.091896,2633500
492,2018-01-31,106.000000,107.169998,105.550003,107.019997,97.172386,2787200
493,2018-02-01,107.099998,109.190002,105.839996,106.529999,96.727470,2977200
494,2018-02-02,105.900002,106.720001,105.180000,105.580002,95.864899,2005600
495,2018-02-05,105.459999,107.110001,103.940002,104.250000,94.657272,3137200
496,2018-02-06,103.360001,103.779999,100.629997,103.400002,93.885490,3161400
497,2018-02-07,103.410004,105.110001,103.019997,104.089996,94.511993,3910500
498,2018-02-08,103.790001,104.970001,102.930000,103.360001,93.849167,3074000
499,2018-02-09,103.730003,106.809998,102.919998,106.110001,96.346123,3397300
500,2018-02-12,106.169998,107.209999,105.339996,106.620003,96.809189,1698100
501,2018-02-13,106.389999,107.220001,105.059998,106.809998,96.981705,1470600
502,2018-02-14,106.050003,106.300003,105.160004,105.470001,95.765015,1146000
503,2018-02-15,106.080002,108.000000,105.320000,107.980003,98.044060,2222800
504,2018-02-16,107.730003,109.309998,107.540001,109.010002,98.979279,1328500
505,2018-02-20,108.610001,109.209999,106.709999,107.540001,97.644531,2287500
506,2018-02-21,107.519997,108.180000,105.379997,105.430000,95.728699,2563200
507,2018-02-22,105.959999,107.489998,105.059998,106.639999,96.827347,1990600
508,2018-02-23,106.879997,109.639999,106.879997,109.570000,99.487747,1514100
509,2018-02-26,109.459999,110.010002,108.800003,109.510002,99.433273,4028800
510,2018-02-27,110.989998,111.309998,108.370003,110.040001,99.914505,3101800
511,2018-02-28,110.330002,110.599998,108.709999,108.980003,98.952034,1693300
512,2018-03-01,109.080002,110.120003,107.209999,107.639999,97.735344,1903100
513,2018-03-02,107.570000,108.709999,105.839996,107.089996,97.235947,1284400
514,2018-03-05,107.139999,111.129997,106.639999,110.690002,100.504684,1955300
515,2018-03-06,110.680000,111.849998,108.970001,109.360001,99.297073,1478800
516,2018-03-07,109.019997,109.730003,107.779999,108.559998,98.570686,1335100
517,2018-03-08,108.709999,110.199997,108.570000,109.790001,99.687508,1845100
518,2018-03-09,110.019997,110.379997,108.290001,109.080002,99.042839,2497800
519,2018-03-12,108.870003,109.949997,108.339996,109.750000,99.651184,2270500
520,2018-03-13,110.279999,110.949997,109.550003,110.699997,100.513771,1504400
521,2018-03-14,111.070000,113.110001,111.029999,112.860001,102.475014,1970100
522,2018-03-15,112.599998,113.540001,111.199997,112.199997,101.875732,1818900
523,2018-03-16,112.010002,113.139999,111.269997,113.019997,102.620277,4184900
524,2018-03-19,112.779999,113.339996,111.839996,112.430000,102.084579,1662700
525,2018-03-20,112.169998,112.870003,110.559998,110.599998,100.422958,2200300
526,2018-03-21,110.919998,111.699997,109.959999,110.410004,100.250465,1923600
527,2018-03-22,109.720001,112.279999,109.260002,110.510002,101.161285,1303500
528,2018-03-23,110.459999,111.820000,108.720001,108.970001,99.751564,1142700
529,2018-03-26,109.010002,110.220001,108.290001,109.980003,100.676117,1185600
530,2018-03-27,110.029999,112.480003,109.629997,111.180000,101.774605,1940100
531,2018-03-28,111.400002,111.629997,109.970001,110.330002,100.996498,1837900
532,2018-03-29,110.669998,111.669998,109.889999,111.220001,101.811218,1107900
533,2018-04-02,111.400002,111.690002,109.190002,110.129997,100.813423,1515800
534,2018-04-03,109.919998,110.129997,108.870003,109.379997,100.126877,2030400
535,2018-04-04,109.400002,110.639999,109.080002,110.339996,101.005653,1899900
536,2018-04-05,110.209999,111.830002,108.959999,111.529999,102.094986,1788100
537,2018-04-06,111.959999,112.000000,110.639999,111.129997,101.728836,2084300
538,2018-04-09,111.080002,112.349998,110.489998,111.779999,102.323830,1245300
539,2018-04-10,111.849998,112.269997,111.470001,111.680000,102.232307,1635800
540,2018-04-11,111.519997,112.099998,110.820000,110.989998,101.600670,1145100
541,2018-04-12,111.300003,111.690002,110.050003,110.269997,100.941574,1781200
542,2018-04-13,110.129997,111.339996,110.129997,110.620003,101.261971,2170500
543,2018-04-16,111.150002,111.970001,110.760002,111.790001,102.332993,1930500
544,2018-04-17,111.910004,112.940002,111.430000,112.599998,103.074486,1738400
545,2018-04-18,112.660004,113.370003,111.540001,111.599998,102.159073,1862700
546,2018-04-19,111.099998,111.830002,109.639999,110.370003,101.033127,1882200
547,2018-04-20,110.559998,111.389999,109.349998,109.809998,100.520493,2167900
548,2018-04-23,109.650002,110.230003,108.790001,109.300003,100.053650,1924600
549,2018-04-24,109.610001,110.300003,108.830002,109.889999,100.593719,4483700
550,2018-04-25,109.739998,110.820000,108.989998,109.309998,100.062790,1384700
551,2018-04-26,109.169998,110.519997,108.730003,110.379997,101.042274,1573200
552,2018-04-27,110.370003,112.019997,110.099998,111.629997,102.186531,2688000
553,2018-04-30,111.860001,112.510002,111.720001,111.800003,102.342148,1951800
554,2018-05-01,111.889999,112.089996,111.250000,111.660004,102.213997,1437200
555,2018-05-02,111.320000,111.919998,110.839996,111.160004,101.756287,1365700
556,2018-05-03,110.870003,111.419998,109.550003,111.410004,101.985146,1034000
557,2018-05-04,111.160004,112.349998,111.160004,111.800003,102.342148,2598100
558,2018-05-07,109.889999,112.320000,108.839996,110.680000,101.316902,2878300
559,2018-05-08,110.110001,110.349998,106.129997,106.440002,97.435600,3056600
560,2018-05-09,106.250000,106.250000,104.599998,105.139999,96.245567,1971200
561,2018-05-10,105.750000,106.529999,105.139999,106.389999,97.389824,1991100
562,2018-05-11,106.620003,107.589996,106.400002,107.080002,98.021446,1834500
563,2018-05-14,107.050003,107.620003,106.080002,106.510002,97.499657,1754700
564,2018-05-15,105.430000,106.040001,104.410004,105.239998,96.337105,2568600
565,2018-05-16,105.410004,105.430000,103.180000,103.339996,94.597832,2426200
566,2018-05-17,103.550003,103.589996,101.989998,102.180000,93.535965,1821300
567,2018-05-18,102.250000,102.639999,100.900002,101.970001,93.343735,1991300
568,2018-05-21,102.849998,103.019997,101.300003,102.639999,93.957047,1534300
569,2018-05-22,103.000000,103.739998,102.720001,103.430000,94.680214,2436600
570,2018-05-23,103.510002,105.000000,102.879997,104.860001,95.989235,2340500
571,2018-05-24,104.650002,105.500000,103.720001,105.209999,96.309639,1511500
572,2018-05-25,104.910004,105.529999,104.800003,105.190002,96.291321,1475700
573,2018-05-29,105.029999,106.010002,103.820000,105.790001,96.840569,2307300
574,2018-05-30,105.129997,106.320000,104.610001,106.239998,97.252510,3144400
575,2018-05-31,105.930000,107.269997,105.110001,106.529999,97.517975,3027600
576,2018-06-01,105.779999,106.629997,104.059998,104.300003,95.476624,2170300
577,2018-06-04,104.279999,104.650002,103.040001,103.400002,94.652763,2347000
578,2018-06-05,103.410004,103.709999,102.510002,102.809998,94.112671,1860000
579,2018-06-06,102.949997,103.230003,100.489998,100.709999,92.190331,1713300
580,2018-06-07,100.919998,102.129997,100.500000,100.760002,92.236084,2240400
581,2018-06-08,101.290001,101.500000,100.660004,101.430000,92.849419,1181200
582,2018-06-11,114.779999,119.779999,114.080002,117.190002,107.276184,11968800
583,2018-06-12,116.089996,117.919998,115.580002,117.129997,107.221237,3976400
584,2018-06-13,117.230003,117.519997,113.919998,114.010002,104.365204,3360500
585,2018-06-14,114.739998,114.739998,113.190002,113.320000,103.733559,3009700
586,2018-06-15,112.820000,113.309998,110.459999,111.910004,102.442848,6617800
587,2018-06-18,111.739998,113.180000,111.500000,112.669998,103.138550,3744200
588,2018-06-19,112.809998,114.279999,112.449997,113.269997,103.687790,1954900
589,2018-06-20,113.089996,113.120003,112.360001,112.559998,103.037857,4563800
590,2018-06-21,112.389999,114.930000,111.220001,113.089996,103.523018,2938100
591,2018-06-22,113.510002,115.410004,112.830002,115.139999,105.399597,2454200
592,2018-06-25,115.180000,116.800003,115.180000,116.610001,106.745255,1570900
593,2018-06-26,115.669998,117.250000,115.440002,115.730003,105.939697,2554500
594,2018-06-27,115.239998,117.339996,115.239998,115.930000,106.122765,2358500
595,2018-06-28,116.910004,117.629997,114.769997,115.110001,105.372139,4601300
596,2018-06-29,113.889999,116.849998,113.120003,116.110001,107.120438,2500500
597,2018-07-02,115.260002,116.370003,114.629997,115.540001,106.594551,1563900
598,2018-07-03,115.919998,117.029999,114.849998,116.120003,107.129662,687800
599,2018-07-05,116.430000,117.360001,115.839996,117.300003,108.218285,1602200
600,2018-07-06,117.320000,118.180000,117.050003,117.779999,108.661118,1318500
601,2018-07-09,118.000000,118.360001,115.160004,115.629997,106.677582,1572200
602,2018-07-10,114.970001,117.680000,114.500000,117.300003,108.218285,1260800
603,2018-07-11,113.949997,116.190002,113.949997,115.680000,106.723717,6886800
604,2018-07-12,115.709999,116.690002,115.250000,115.629997,106.677582,2379100
605,2018-07-13,116.000000,116.779999,115.629997,116.510002,107.489456,1707000
606,2018-07-16,116.540001,116.629997,115.139999,115.760002,106.797531,1621600
607,2018-07-17,116.279999,116.330002,115.330002,115.610001,106.659134,1056800
608,2018-07-18,115.199997,115.599998,114.000000,114.320000,105.469009,1486300
609,2018-07-19,114.180000,115.930000,113.360001,115.309998,106.382347,2012700
610,2018-07-20,114.720001,116.500000,113.430000,114.260002,105.413658,2554200
611,2018-07-23,114.400002,115.339996,113.480003,113.570000,104.777077,1438900
612,2018-07-24,113.570000,114.860001,112.570000,114.500000,105.635071,3968300
613,2018-07-25,114.680000,115.589996,114.010002,115.470001,106.529968,1364700
614,2018-07-26,115.910004,116.400002,114.699997,115.769997,106.806755,1369500
615,2018-07-27,115.800003,116.440002,114.540001,114.970001,106.068680,2038800
616,2018-07-30,115.040001,115.290001,114.199997,114.480003,105.616623,1234700
617,2018-07-31,115.000000,115.680000,114.379997,115.589996,106.640671,1686800
618,2018-08-01,114.680000,115.099998,113.389999,114.900002,106.004105,1119900
619,2018-08-02,114.910004,116.230003,114.379997,116.029999,107.046616,1164900
620,2018-08-03,115.720001,117.900002,115.169998,116.790001,107.747780,2228600
621,2018-08-06,116.260002,116.949997,114.000000,115.349998,106.419273,2383900
622,2018-08-07,114.970001,116.099998,113.769997,115.970001,106.991257,1194900
623,2018-08-08,115.570000,116.019997,114.949997,115.070000,106.160950,931900
624,2018-08-09,115.169998,115.769997,114.599998,114.730003,105.847275,1133100
625,2018-08-10,114.720001,115.720001,114.150002,114.440002,105.579727,1456400
626,2018-08-13,114.599998,115.010002,114.059998,114.889999,105.994881,2084500
627,2018-08-14,114.870003,115.580002,114.120003,114.239998,105.395210,1274000
628,2018-08-15,114.269997,115.440002,113.680000,114.449997,105.588951,1656700
629,2018-08-16,114.459999,116.120003,113.910004,116.019997,107.037384,1323300
630,2018-08-17,115.449997,118.059998,115.449997,116.849998,107.803123,3142500
631,2018-08-20,118.000000,118.019997,116.510002,116.949997,107.895393,1355800
632,2018-08-21,117.110001,117.220001,115.750000,116.230003,107.231133,1290500
633,2018-08-22,116.300003,116.650002,115.089996,115.480003,106.539207,1007100
634,2018-08-23,115.160004,116.320000,115.150002,115.680000,106.723717,917900
635,2018-08-24,115.800003,116.519997,115.410004,116.400002,107.387970,736300
636,2018-08-27,116.750000,116.800003,114.919998,115.639999,106.686813,996100
637,2018-08-28,115.400002,116.300003,115.150002,115.570000,106.622223,2672200
638,2018-08-29,115.809998,116.870003,115.430000,116.669998,107.637077,2152600
639,2018-08-30,116.699997,117.599998,116.180000,116.599998,107.572479,999000
640,2018-08-31,116.449997,117.349998,115.699997,116.080002,107.092751,1455900
641,2018-09-04,116.370003,117.449997,116.099998,116.989998,107.932297,2142900
642,2018-09-05,117.010002,118.279999,116.690002,118.139999,108.993248,1856300
643,2018-09-06,118.279999,118.970001,117.699997,118.029999,108.891769,1203800
644,2018-09-07,117.139999,117.589996,116.379997,116.849998,107.803123,1216500
645,2018-09-10,117.309998,118.199997,116.910004,117.599998,108.495056,1072000
646,2018-09-11,117.690002,118.199997,116.080002,117.220001,108.144478,1965100
647,2018-09-12,117.169998,118.290001,116.900002,117.779999,108.661118,1946500
648,2018-09-13,117.839996,119.059998,117.190002,118.669998,109.482224,1375700
649,2018-09-14,118.120003,127.220001,117.129997,118.730003,109.537582,2627100
650,2018-09-17,118.940002,119.720001,117.970001,118.870003,109.666740,1105900
651,2018-09-18,120.000000,120.000000,117.019997,117.269997,108.190613,2651600
652,2018-09-19,117.339996,117.339996,114.269997,115.139999,106.225517,2157100
653,2018-09-20,114.750000,114.860001,113.540001,114.320000,106.295258,1771300
654,2018-09-21,114.500000,115.980003,114.500000,115.209999,107.122787,5306900
655,2018-09-24,114.809998,115.300003,113.190002,113.580002,105.607208,1648200
656,2018-09-25,113.279999,113.510002,112.320000,112.470001,104.575119,2476300
657,2018-09-26,112.570000,113.370003,111.019997,111.059998,103.264099,2072500
658,2018-09-27,111.190002,112.769997,110.989998,112.000000,104.138123,2265500
659,2018-09-28,112.339996,113.959999,112.339996,113.750000,105.765282,2690200
660,2018-10-01,113.489998,114.320000,113.080002,113.830002,105.839653,1801000
661,2018-10-02,114.339996,115.820000,113.989998,115.739998,107.615578,1421600
662,2018-10-03,115.849998,116.550003,113.669998,114.620003,106.574203,1530900
663,2018-10-04,114.230003,114.959999,113.199997,114.889999,106.825256,1283400
664,2018-10-05,115.000000,116.540001,114.980003,116.199997,108.043289,1338800
665,2018-10-08,116.790001,117.279999,115.959999,116.550003,108.368736,1163600
666,2018-10-09,116.790001,117.150002,115.349998,116.400002,108.229256,2005400
667,2018-10-10,116.180000,117.889999,115.389999,115.459999,107.355232,2087500
668,2018-10-11,116.430000,116.489998,113.660004,114.470001,106.434723,1758900
669,2018-10-12,114.820000,115.360001,113.599998,115.029999,106.955421,1130200
670,2018-10-15,114.870003,115.879997,114.580002,115.099998,107.020508,1449900
671,2018-10-16,115.000000,116.699997,114.320000,115.760002,107.634186,1174900
672,2018-10-17,115.529999,116.339996,114.559998,115.300003,107.206467,968300
673,2018-10-18,116.800003,116.919998,115.400002,115.910004,107.773643,2098000
674,2018-10-19,115.639999,117.110001,115.400002,116.610001,108.424522,2694800
675,2018-10-22,116.879997,117.070000,115.510002,115.620003,107.504005,1287200
676,2018-10-23,115.750000,116.320000,113.849998,114.190002,106.174385,1196000
677,2018-10-24,114.400002,116.610001,112.599998,115.900002,107.764343,1526100
678,2018-10-25,115.550003,115.790001,114.010002,115.040001,106.964714,1571300
679,2018-10-26,115.459999,116.029999,111.760002,112.809998,104.891251,1324000
680,2018-10-29,112.940002,114.099998,111.870003,112.540001,104.640213,1754900
681,2018-10-30,112.989998,113.260002,110.519997,111.800003,103.952148,2200600
682,2018-10-31,110.959999,111.910004,109.809998,110.120003,102.390083,2114800
683,2018-11-01,110.309998,110.559998,109.139999,110.050003,102.324982,2302200
684,2018-11-02,110.139999,110.949997,108.639999,109.050003,101.395195,2567100
685,2018-11-05,109.360001,112.570000,109.230003,112.570000,104.668114,1837800
686,2018-11-06,112.540001,113.699997,111.930000,113.199997,105.253868,1731600
687,2018-11-07,114.930000,117.959999,114.010002,117.559998,109.307831,2580100
688,2018-11-08,117.650002,118.800003,116.410004,117.970001,109.689041,1980100
689,2018-11-09,117.949997,118.110001,115.400002,116.699997,108.508202,2525600
690,2018-11-12,116.360001,116.680000,114.690002,115.400002,107.299446,2897600
691,2018-11-13,115.169998,116.230003,114.699997,116.010002,107.866646,1776300
692,2018-11-14,116.029999,116.290001,112.529999,112.760002,104.844772,2690300
693,2018-11-15,112.739998,112.739998,110.330002,110.980003,103.189720,2647600
694,2018-11-16,113.489998,115.339996,112.000000,114.870003,106.806648,3664600
695,2018-11-19,114.790001,115.559998,114.050003,115.239998,107.150681,1467400
696,2018-11-20,115.760002,115.940002,113.570000,113.930000,105.932632,1956200
697,2018-11-21,113.709999,113.849998,111.620003,112.010002,104.147423,1362700
698,2018-11-23,111.910004,112.660004,111.510002,112.110001,104.240387,1286300
699,2018-11-26,112.139999,112.790001,111.300003,112.040001,104.175301,1365100
700,2018-11-27,112.260002,113.099998,111.809998,112.690002,104.779686,1485000
701,2018-11-28,113.019997,113.779999,112.559998,113.239998,105.291061,1317200
702,2018-11-29,113.199997,114.620003,112.360001,112.669998,104.761086,1171900
703,2018-11-30,112.930000,115.349998,112.610001,115.220001,107.132088,3267100
704,2018-12-03,114.709999,116.470001,114.410004,116.449997,108.275742,1991100
705,2018-12-04,116.820000,118.879997,116.519997,116.860001,108.656960,1533800
706,2018-12-06,117.239998,117.239998,113.419998,115.699997,107.578392,1763600
707,2018-12-07,115.860001,117.330002,115.160004,115.949997,107.810844,1666300
708,2018-12-10,115.839996,116.660004,113.500000,116.190002,108.033989,2124100
709,2018-12-11,116.620003,117.760002,115.879997,117.059998,108.842918,1002000
710,2018-12-12,117.320000,117.940002,116.510002,116.660004,108.471001,4469100
711,2018-12-13,116.650002,118.489998,116.650002,117.599998,109.345016,1393100
712,2018-12-14,117.610001,118.510002,117.160004,118.489998,110.172539,2402600
713,2018-12-17,119.019997,119.110001,114.199997,114.930000,106.862450,1996800
714,2018-12-18,115.400002,116.529999,113.360001,113.839996,105.848953,1781100
715,2018-12-19,114.290001,115.160004,113.250000,113.940002,105.941940,2533100
716,2018-12-20,114.339996,115.779999,111.339996,113.059998,105.123703,2107600
717,2018-12-21,113.529999,116.059998,111.510002,111.820000,103.970749,2783300
718,2018-12-24,112.480003,112.480003,106.510002,107.400002,99.861008,1207100
719,2018-12-26,107.279999,108.480003,105.940002,107.989998,100.409592,3332300
720,2018-12-27,107.839996,108.430000,104.879997,107.610001,100.056274,2327900
721,2018-12-28,107.169998,108.209999,106.699997,107.269997,100.576637,2180000
722,2018-12-31,107.570000,109.129997,106.540001,108.190002,101.439240,1838000
723,2019-01-02,107.980003,107.980003,106.089996,106.760002,100.098450,1196500
724,2019-01-03,106.769997,107.980003,106.150002,107.250000,100.557892,1289000
725,2019-01-04,106.550003,110.489998,106.550003,110.459999,103.567589,2708000
726,2019-01-07,110.220001,111.239998,109.279999,110.440002,103.548843,2853500
727,2019-01-08,110.709999,113.800003,110.080002,113.529999,106.446030,1625600
728,2019-01-09,113.540001,114.150002,112.029999,112.419998,105.405304,1690100
729,2019-01-10,112.669998,114.559998,112.190002,114.430000,107.289871,1302100
730,2019-01-11,114.430000,114.989998,113.480003,114.059998,106.942955,1345500
731,2019-01-14,113.070000,113.239998,111.010002,111.760002,104.786476,2056300
732,2019-01-15,111.419998,114.000000,111.379997,112.550003,105.527184,2071500
733,2019-01-16,112.330002,112.940002,111.940002,112.660004,105.630318,1868100
734,2019-01-17,112.150002,112.959999,111.820000,112.360001,105.349030,1203700
735,2019-01-18,113.050003,113.199997,112.190002,112.669998,105.639694,1517700
736,2019-01-22,112.599998,113.050003,111.470001,112.370003,105.358406,1327700
737,2019-01-23,112.180000,113.139999,111.699997,112.910004,105.864723,1513300
738,2019-01-24,113.550003,113.589996,112.019997,113.349998,106.277267,1641200
739,2019-01-25,113.089996,113.360001,112.529999,113.099998,106.042862,1646100
740,2019-01-28,113.110001,113.419998,112.459999,113.000000,105.949097,1670000
741,2019-01-29,113.339996,114.339996,113.010002,113.849998,106.746071,1869300
742,2019-01-30,113.500000,115.250000,113.500000,114.900002,107.730553,1584400
743,2019-01-31,114.870003,117.160004,114.349998,116.980003,109.680756,2117300
744,2019-02-01,116.660004,117.139999,115.809998,116.750000,109.465111,1681500
745,2019-02-04,116.169998,117.199997,115.559998,117.190002,109.877663,1475300
746,2019-02-05,117.080002,117.400002,116.230003,117.089996,109.783897,1454400
747,2019-02-06,117.050003,118.500000,116.699997,117.750000,110.402710,1789900
748,2019-02-07,117.620003,118.099998,117.000000,118.019997,110.655869,1391500
749,2019-02-08,118.209999,118.459999,117.000000,117.919998,110.562096,1191400
750,2019-02-11,117.910004,117.910004,114.449997,114.949997,107.777428,3019800
751,2019-02-12,115.389999,115.400002,113.230003,114.120003,106.999222,2690300
752,2019-02-13,113.570000,114.400002,113.309998,114.239998,107.111732,1993600
753,2019-02-14,114.470001,114.849998,113.870003,114.050003,106.933578,1440900
754,2019-02-15,114.599998,115.540001,114.519997,115.260002,108.068077,1672300
755,2019-02-19,114.169998,116.519997,113.879997,116.269997,109.015068,1481100
756,2019-02-20,116.099998,117.300003,115.870003,117.129997,109.821388,1437100
757,2019-02-21,116.389999,117.849998,116.360001,117.669998,110.327705,1337200
758,2019-02-22,118.029999,118.839996,117.639999,118.480003,111.087166,993400
759,2019-02-25,118.599998,118.599998,117.260002,117.589996,110.252693,1639000
760,2019-02-26,119.379997,120.180000,117.739998,118.900002,111.480965,1859000
761,2019-02-27,118.900002,121.610001,117.980003,120.330002,112.821732,1965400
762,2019-02-28,120.199997,121.050003,119.269997,120.440002,112.924866,1726500
763,2019-03-01,120.370003,121.370003,119.940002,121.260002,113.693703,1471200
764,2019-03-04,121.989998,122.000000,120.059998,121.330002,113.759346,1158800
765,2019-03-05,121.349998,121.989998,120.809998,121.080002,113.524940,1154600
766,2019-03-06,121.230003,121.750000,120.400002,120.970001,113.421791,891500
767,2019-03-07,121.500000,122.550003,121.209999,121.699997,114.106247,1228600
768,2019-03-08,121.870003,122.360001,121.000000,122.300003,114.668808,1103000
769,2019-03-11,122.430000,123.320000,122.430000,123.190002,115.503273,1243300
770,2019-03-12,123.500000,124.430000,123.080002,124.000000,116.262741,1184000
771,2019-03-13,123.449997,124.809998,123.449997,124.339996,116.581512,1405200
772,2019-03-14,124.339996,125.070000,123.489998,124.449997,116.684647,1039000
773,2019-03-15,124.540001,125.470001,124.150002,124.620003,116.844048,2518000
774,2019-03-18,124.550003,124.949997,123.760002,124.650002,116.872185,1519600
775,2019-03-19,124.730003,125.070000,123.360001,123.930000,116.197098,1670900
776,2019-03-20,124.330002,125.510002,123.489998,125.050003,117.247215,1873600
777,2019-03-21,124.070000,125.940002,123.919998,125.870003,118.936714,1745900
778,2019-03-22,126.000000,126.860001,125.730003,126.070000,119.125702,1100100
779,2019-03-25,126.050003,126.089996,124.870003,125.040001,118.152443,1547000
780,2019-03-26,124.970001,125.919998,124.839996,125.480003,118.568207,1173500
781,2019-03-27,125.430000,125.650002,124.110001,125.410004,118.502068,2479000
782,2019-03-28,125.889999,125.959999,123.790001,124.470001,117.613853,1452300
783,2019-03-29,124.290001,126.180000,124.099998,125.860001,118.927277,2090600
784,2019-04-01,125.970001,126.750000,125.019997,126.629997,119.654854,1927500
785,2019-04-02,126.709999,127.260002,125.910004,127.239998,120.231262,2154400
786,2019-04-03,126.779999,127.739998,126.150002,127.239998,120.231262,1682500
787,2019-04-04,127.599998,127.599998,126.610001,127.019997,120.023376,1669300
788,2019-04-05,127.330002,128.250000,127.040001,128.240005,121.176186,1669400
789,2019-04-08,128.020004,128.250000,127.660004,127.790001,120.750969,1695000
790,2019-04-09,128.050003,128.050003,127.169998,127.889999,120.845459,1647500
791,2019-04-10,128.339996,128.949997,127.040001,127.430000,120.410797,1666600
792,2019-04-11,127.419998,128.199997,126.809998,128.100006,121.043907,1578100
793,2019-04-12,127.860001,129.929993,127.589996,129.850006,122.697495,1813500
794,2019-04-15,129.960007,130.000000,128.169998,128.559998,121.478554,1678100
795,2019-04-16,128.669998,129.250000,127.040001,127.269997,120.259598,2417100
796,2019-04-17,127.360001,128.110001,126.680000,127.290001,120.278511,1469500
797,2019-04-18,127.400002,128.320007,127.279999,127.410004,120.391907,2243100
798,2019-04-22,127.250000,127.739998,125.169998,125.379997,118.473709,2204400
799,2019-04-23,125.529999,126.949997,124.910004,126.120003,119.172958,1818500
800,2019-04-24,126.480003,127.000000,125.629997,126.410004,119.446991,1787000
801,2019-04-25,126.000000,127.930000,125.779999,127.339996,120.325752,1419300
802,2019-04-26,127.849998,128.809998,127.680000,128.050003,120.996643,1196600
803,2019-04-29,126.900002,127.160004,125.160004,125.800003,118.870590,3090000
804,2019-04-30,125.910004,128.130005,125.669998,127.949997,120.902153,1921200
805,2019-05-01,127.750000,128.259995,126.199997,126.199997,119.248543,1726500
806,2019-05-02,125.879997,127.389999,125.260002,125.970001,119.031212,1926000
807,2019-05-03,126.199997,127.589996,126.080002,127.449997,120.429688,869400
808,2019-05-06,127.089996,127.349998,125.949997,126.389999,119.428078,1680400
809,2019-05-07,126.849998,127.040001,124.669998,125.709999,118.785530,1641500
810,2019-05-08,126.339996,126.980003,125.169998,125.760002,118.832779,1301600
811,2019-05-09,125.010002,127.040001,125.010002,126.209999,119.258003,1074600
812,2019-05-10,126.279999,129.210007,125.800003,129.210007,122.092751,1319500
813,2019-05-13,128.589996,129.660004,127.639999,129.320007,122.196701,2016900
814,2019-05-14,129.759995,130.619995,129.220001,129.360001,122.234489,1511200
815,2019-05-15,129.490005,130.800003,129.160004,129.880005,122.725861,1778200
816,2019-05-16,129.630005,131.770004,128.610001,130.720001,123.519577,1217800
817,2019-05-17,129.600006,131.449997,129.600006,130.449997,123.264442,1682400
818,2019-05-20,130.899994,131.720001,130.309998,131.179993,123.954224,1720900
819,2019-05-21,131.419998,133.190002,131.190002,131.500000,124.256615,1338100
820,2019-05-22,133.039993,134.750000,131.470001,134.300003,126.902397,2080100
821,2019-05-23,134.169998,135.910004,134.110001,135.880005,128.395340,1394400
822,2019-05-24,135.970001,136.369995,134.320007,134.350006,126.949646,1211500
823,2019-05-28,134.820007,134.960007,132.789993,133.100006,125.768486,2206300
824,2019-05-29,133.369995,133.529999,130.350006,130.750000,123.547920,1240700
825,2019-05-30,131.240005,132.279999,130.770004,131.570007,124.322777,1118700
826,2019-05-31,131.440002,132.199997,130.750000,131.449997,124.209358,1327600
827,2019-06-03,132.050003,132.399994,130.580002,131.910004,124.644035,1391900
828,2019-06-04,131.910004,132.360001,130.520004,132.190002,124.908607,1117000
829,2019-06-05,132.190002,134.729996,131.740005,134.020004,126.637810,2423000
830,2019-06-06,133.850006,135.550003,133.500000,134.979996,127.544914,992200
831,2019-06-07,136.000000,136.429993,134.369995,134.490005,127.081909,1314000
832,2019-06-10,133.880005,134.639999,133.070007,134.089996,126.703949,827500
833,2019-06-11,133.839996,134.779999,133.589996,134.720001,127.299255,1213500
834,2019-06-12,135.460007,136.410004,135.039993,135.690002,128.215820,977300
835,2019-06-13,136.259995,136.860001,135.460007,136.839996,129.302475,910000
836,2019-06-14,136.820007,138.360001,136.460007,137.759995,130.171799,947800
837,2019-06-17,137.850006,138.570007,137.389999,137.949997,130.351318,965700
838,2019-06-18,139.190002,139.190002,136.240005,137.250000,129.689911,1152700
839,2019-06-19,136.639999,139.750000,136.009995,139.059998,131.400192,1522200
840,2019-06-20,139.889999,140.740005,138.649994,140.320007,132.590775,1048500
841,2019-06-21,140.020004,141.860001,139.580002,141.039993,133.271118,2090200
842,2019-06-24,141.089996,141.460007,140.440002,140.850006,133.091599,856800
843,2019-06-25,140.910004,141.360001,140.059998,140.470001,132.732513,1172700
844,2019-06-26,140.309998,140.309998,136.809998,137.009995,129.463120,1111200
845,2019-06-27,136.699997,137.660004,134.919998,135.539993,128.074066,2832200
846,2019-06-28,135.330002,137.559998,135.309998,137.440002,129.869415,1912800
847,2019-07-01,137.490005,137.899994,134.750000,136.660004,129.132385,1122400
848,2019-07-02,137.350006,138.330002,137.350006,138.199997,130.587540,1039800
849,2019-07-03,137.490005,138.759995,137.259995,137.649994,130.985321,830800
850,2019-07-05,136.559998,138.500000,136.039993,138.380005,131.679977,751600
851,2019-07-08,138.789993,139.300003,137.660004,138.520004,131.813202,934900
852,2019-07-09,138.380005,139.339996,137.550003,139.050003,132.317551,1093300
853,2019-07-10,139.449997,140.600006,138.949997,139.660004,132.897980,1163400
854,2019-07-11,139.649994,140.410004,139.029999,140.389999,133.592651,1038500
855,2019-07-12,140.660004,141.000000,139.279999,139.889999,133.116852,1125000
856,2019-07-15,139.660004,140.339996,139.169998,139.990005,133.212036,929000
857,2019-07-16,139.850006,140.000000,137.869995,139.259995,132.517365,1071500
858,2019-07-17,139.779999,140.529999,139.339996,139.949997,133.173965,1361400
859,2019-07-18,139.809998,141.289993,139.360001,141.169998,134.334885,1267500
860,2019-07-19,140.880005,141.160004,139.669998,140.050003,133.269119,1373300
861,2019-07-22,140.600006,141.160004,139.639999,140.570007,133.763947,1839200
862,2019-07-23,140.130005,140.750000,138.899994,138.949997,132.222366,1156300
863,2019-07-24,139.360001,139.820007,138.089996,139.759995,132.993149,866300
864,2019-07-25,139.619995,140.720001,139.339996,140.460007,133.659286,820400
865,2019-07-26,140.729996,141.190002,139.929993,140.259995,133.468948,746400
866,2019-07-29,140.259995,140.399994,139.000000,139.500000,132.745743,1473700
867,2019-07-30,139.220001,139.850006,135.750000,136.470001,129.862457,2394100
868,2019-07-31,136.649994,137.250000,134.559998,135.429993,128.872818,2686800
869,2019-08-01,134.440002,136.470001,134.320007,135.679993,129.110687,2520100
870,2019-08-02,135.119995,137.300003,135.119995,135.679993,129.110687,1372600
871,2019-08-05,136.020004,136.130005,131.320007,132.119995,125.723053,2292200
872,2019-08-06,132.020004,134.800003,131.470001,133.929993,127.445412,2197100
873,2019-08-07,134.259995,135.460007,132.619995,135.160004,128.615891,1312800
874,2019-08-08,135.160004,137.179993,134.470001,136.710007,130.090836,1307200
875,2019-08-09,136.990005,138.339996,135.779999,137.679993,131.013855,1120100
876,2019-08-12,137.690002,138.339996,136.070007,137.139999,130.500015,2062500
877,2019-08-13,133.899994,138.369995,133.899994,137.350006,130.699844,1263400
878,2019-08-14,137.720001,139.250000,136.710007,136.750000,130.128891,1294900
879,2019-08-15,136.880005,139.050003,136.589996,138.539993,131.832230,1563200
880,2019-08-16,138.589996,139.660004,137.850006,138.880005,132.155762,2597800
881,2019-08-19,138.589996,140.100006,138.020004,139.639999,132.878983,1561300
882,2019-08-20,139.779999,140.020004,138.750000,139.660004,132.897980,1435400
883,2019-08-21,139.669998,140.850006,139.610001,140.830002,134.011353,983300
884,2019-08-22,140.899994,141.000000,139.169998,140.130005,133.345230,896100
885,2019-08-23,140.419998,141.119995,138.169998,139.009995,132.279465,897100
886,2019-08-26,139.070007,141.919998,138.990005,141.789993,134.924866,1282700
887,2019-08-27,142.500000,142.860001,141.029999,141.429993,134.582275,1633400
888,2019-08-28,141.570007,142.149994,141.009995,142.000000,135.124695,1216400
889,2019-08-29,142.330002,142.660004,141.639999,142.240005,135.353073,1444300
890,2019-08-30,142.910004,142.910004,141.320007,141.630005,134.772614,1040300
891,2019-09-03,141.429993,143.580002,141.270004,143.500000,136.552078,1149200
892,2019-09-04,144.070007,144.929993,143.179993,144.000000,137.027863,829300
893,2019-09-05,142.940002,143.679993,141.160004,141.830002,134.962921,1203300
894,2019-09-06,142.399994,142.960007,141.550003,142.000000,135.124695,924100
895,2019-09-09,141.580002,141.649994,140.779999,141.009995,134.182632,1168400
896,2019-09-10,140.970001,141.990005,140.160004,141.770004,134.905838,1253300
897,2019-09-11,141.539993,143.940002,140.820007,143.259995,136.323685,1323100
898,2019-09-12,144.070007,144.259995,142.759995,143.660004,136.704315,1427500
899,2019-09-13,143.020004,144.229996,141.539993,141.699997,134.839203,1161600
900,2019-09-16,142.020004,142.070007,140.919998,141.750000,134.886810,1497400
901,2019-09-17,142.080002,143.899994,141.639999,143.039993,136.114349,1421400
902,2019-09-18,143.729996,143.899994,140.020004,140.199997,133.411835,3106700
903,2019-09-19,139.979996,140.889999,139.029999,140.809998,134.923874,1627600
904,2019-09-20,141.250000,142.789993,140.759995,142.220001,136.274948,2352400
905,2019-09-23,141.919998,142.630005,141.720001,141.869995,135.939560,1268600
906,2019-09-24,142.779999,144.580002,141.869995,144.240005,138.210510,1184800
907,2019-09-25,144.100006,144.210007,142.660004,144.009995,137.990082,954100
908,2019-09-26,144.470001,145.080002,143.500000,144.729996,138.680023,1713900
909,2019-09-27,145.070007,145.070007,143.449997,144.479996,138.440460,1779000
910,2019-09-30,145.410004,148.139999,144.479996,147.610001,141.439636,2513800
911,2019-10-01,147.429993,148.039993,146.080002,146.080002,139.973602,1356900
912,2019-10-02,145.399994,146.080002,143.320007,143.729996,137.721802,1573000
913,2019-10-03,144.020004,145.729996,143.550003,145.660004,139.571152,2011700
914,2019-10-04,145.860001,147.380005,145.270004,147.229996,141.075516,987900
915,2019-10-07,146.929993,147.070007,146.000000,146.429993,140.308960,1019300
916,2019-10-08,146.279999,146.820007,144.500000,145.910004,139.810684,1239900
917,2019-10-09,146.220001,147.419998,145.970001,146.639999,140.510178,801100
918,2019-10-10,146.399994,147.059998,145.419998,146.410004,140.289780,1027200
919,2019-10-11,146.229996,146.500000,145.289993,145.490005,139.408249,925000
920,2019-10-14,146.039993,146.919998,144.789993,145.429993,139.350739,970700
921,2019-10-15,145.570007,145.830002,144.300003,145.000000,138.938751,1029100
922,2019-10-16,144.860001,145.039993,143.539993,144.850006,138.795029,1272000
923,2019-10-17,144.850006,145.460007,144.529999,144.960007,138.900406,922000
924,2019-10-18,144.990005,146.929993,144.630005,146.229996,140.117325,1997000
925,2019-10-21,146.179993,146.570007,145.250000,146.479996,140.356857,1003900
926,2019-10-22,146.679993,147.679993,146.580002,146.880005,140.740143,941500
927,2019-10-23,147.250000,148.000000,146.460007,148.000000,141.813324,970300
928,2019-10-24,147.910004,148.899994,147.440002,148.059998,141.870819,1719600
929,2019-10-25,148.509995,148.509995,143.419998,143.970001,137.951797,3193100
930,2019-10-28,142.899994,143.210007,140.910004,141.169998,135.268829,3859900
931,2019-10-29,141.199997,141.580002,140.809998,141.199997,135.297577,3080100
932,2019-10-30,141.250000,142.000000,140.339996,141.559998,135.642532,2845300
933,2019-10-31,142.059998,144.570007,141.539993,144.509995,138.469208,2838900
934,2019-11-01,146.020004,148.470001,145.220001,147.289993,141.132996,2896500
935,2019-11-04,147.300003,147.300003,144.919998,145.839996,139.743607,1490900
936,2019-11-05,145.199997,145.289993,142.979996,143.350006,137.357712,2113800
937,2019-11-06,143.350006,144.000000,142.259995,143.220001,137.233139,1448100
938,2019-11-07,142.679993,142.860001,141.080002,142.110001,136.169525,1433800
939,2019-11-08,141.679993,142.860001,141.509995,142.119995,136.179123,884000
940,2019-11-11,142.210007,142.479996,141.419998,142.330002,136.380341,847000
941,2019-11-12,142.710007,145.119995,142.610001,144.929993,138.871674,2537200
942,2019-11-13,145.190002,147.240005,144.699997,146.850006,140.711411,1261800
943,2019-11-14,147.210007,147.679993,144.960007,145.470001,139.389099,1556400
944,2019-11-15,145.309998,146.279999,144.570007,146.130005,140.021500,1307300
945,2019-11-18,146.630005,148.660004,145.940002,147.630005,141.458801,1809900
946,2019-11-19,147.470001,148.169998,146.490005,147.210007,141.056381,1632300
947,2019-11-20,147.330002,148.399994,146.279999,147.860001,141.679199,815000
948,2019-11-21,147.720001,148.020004,146.369995,146.800003,140.663513,911800
949,2019-11-22,146.820007,147.509995,146.050003,146.600006,140.471848,933000
950,2019-11-25,146.699997,147.779999,146.119995,146.369995,140.251465,961400
951,2019-11-26,147.179993,147.529999,146.179993,146.889999,140.749725,2261700
952,2019-11-27,147.050003,147.679993,146.570007,147.559998,141.391724,813000
953,2019-11-29,147.820007,148.330002,146.929993,147.270004,141.113861,484300
954,2019-12-02,146.369995,147.009995,144.669998,146.410004,140.289780,1002800
955,2019-12-03,146.800003,147.940002,146.490005,147.919998,141.736679,891100
956,2019-12-04,147.110001,147.770004,146.589996,147.580002,141.410904,1422800
957,2019-12-05,147.289993,147.529999,146.720001,147.389999,141.228836,837300
958,2019-12-06,147.250000,147.789993,145.789993,145.839996,139.743607,1863300
959,2019-12-09,145.929993,146.320007,145.190002,145.830002,139.734039,1896900
960,2019-12-10,146.190002,147.919998,145.910004,147.479996,141.315063,2070200
961,2019-12-11,147.179993,148.800003,147.080002,148.770004,142.551147,1687600
962,2019-12-12,148.529999,148.889999,146.500000,146.889999,140.749725,2647400
963,2019-12-13,146.570007,149.070007,146.380005,148.779999,142.560715,1609100
964,2019-12-16,149.050003,150.789993,148.710007,150.639999,144.342987,1708100
965,2019-12-17,150.750000,151.669998,149.839996,150.119995,143.844711,1253700
966,2019-12-18,150.149994,151.839996,149.440002,151.639999,145.301163,1705300
967,2019-12-19,151.559998,152.259995,151.119995,152.029999,145.674866,1390000
968,2019-12-20,154.259995,154.470001,151.250000,151.380005,145.052048,4603200
969,2019-12-23,151.979996,151.979996,150.210007,150.559998,144.266312,1482200
970,2019-12-24,150.570007,151.059998,150.070007,150.649994,144.352539,542400
971,2019-12-26,151.529999,151.740005,150.990005,151.619995,145.281998,798100
972,2019-12-27,150.729996,151.059998,150.220001,150.869995,145.492233,732000
973,2019-12-30,150.850006,151.139999,150.149994,151.050003,145.665817,1092300
974,2019-12-31,151.169998,151.830002,150.779999,151.479996,146.080490,1003000
975,2020-01-02,151.330002,151.490005,148.479996,149.119995,143.804626,1262100
976,2020-01-03,148.789993,149.429993,147.669998,147.759995,142.493073,1264900
977,2020-01-06,147.740005,149.139999,147.740005,149.000000,143.688889,1107200
978,2020-01-07,148.350006,149.320007,147.610001,148.880005,143.573181,1210600
979,2020-01-08,149.330002,150.479996,149.009995,149.899994,144.556824,1255000
980,2020-01-09,149.759995,150.220001,148.550003,148.820007,143.515320,1119400
981,2020-01-10,149.250000,150.300003,149.130005,149.759995,144.421799,1144100
982,2020-01-13,149.800003,151.800003,149.750000,151.169998,145.781555,968300
983,2020-01-14,151.250000,151.929993,150.389999,151.220001,145.829758,1341400
984,2020-01-15,151.779999,154.470001,151.779999,154.139999,148.645660,1030300
985,2020-01-16,154.520004,155.979996,154.279999,155.179993,149.648605,1428000
986,2020-01-17,155.479996,157.300003,155.139999,157.199997,151.596603,1445700
987,2020-01-21,157.020004,158.119995,156.419998,157.960007,152.329529,1508100
988,2020-01-22,158.179993,158.809998,157.080002,157.550003,151.934143,899700
989,2020-01-23,157.449997,160.179993,157.059998,160.059998,154.354660,1533500
990,2020-01-24,159.789993,160.509995,159.009995,159.759995,154.065353,981100
991,2020-01-27,159.149994,160.199997,157.860001,158.539993,152.888824,949100
992,2020-01-28,158.949997,159.949997,158.550003,159.820007,154.123230,1000700
993,2020-01-29,159.470001,159.809998,158.199997,158.679993,153.023849,962100
994,2020-01-30,158.770004,161.380005,158.369995,161.130005,155.386505,929000
995,2020-01-31,160.550003,161.199997,159.570007,160.639999,154.913986,1917400
996,2020-02-03,161.289993,161.869995,160.550003,161.059998,155.319016,958500
997,2020-02-04,160.679993,161.660004,158.779999,158.970001,153.303528,1422000
998,2020-02-05,158.940002,160.320007,158.529999,159.050003,153.380661,976800
999,2020-02-06,159.339996,161.240005,158.630005,160.500000,154.778976,1344100
1000,2020-02-07,160.660004,161.080002,158.360001,158.589996,152.937042,1250700
1001,2020-02-10,158.690002,159.250000,157.600006,157.979996,152.348801,885100
1002,2020-02-11,158.529999,159.580002,158.119995,158.559998,152.908112,677900
1003,2020-02-12,157.910004,159.300003,157.570007,158.889999,153.226349,825900
1004,2020-02-13,158.789993,159.789993,157.770004,159.000000,153.332428,1261100
1005,2020-02-14,159.619995,160.960007,159.619995,160.960007,155.222580,774400
1006,2020-02-18,161.500000,161.759995,160.460007,160.889999,155.155060,1158500
1007,2020-02-19,160.649994,161.279999,159.649994,159.729996,154.036407,790000
1008,2020-02-20,159.330002,160.270004,158.839996,159.889999,154.190720,1182200
1009,2020-02-21,159.570007,160.589996,158.240005,158.429993,152.782761,1285800
1010,2020-02-24,157.839996,158.229996,154.119995,154.160004,148.664978,2065900
1011,2020-02-25,154.490005,154.770004,149.089996,149.570007,144.238571,1744900
1012,2020-02-26,149.949997,150.940002,146.460007,146.869995,141.634811,2132100
1013,2020-02-27,147.559998,150.669998,141.380005,141.419998,136.379089,3214000
1014,2020-02-28,138.100006,140.839996,134.649994,139.779999,134.797546,4207700
1015,2020-03-02,140.460007,143.699997,139.169998,142.229996,137.160202,3323600
1016,2020-03-03,142.649994,146.270004,139.940002,141.020004,135.993347,2534100
1017,2020-03-04,142.699997,148.000000,142.520004,147.839996,142.570236,1564700
1018,2020-03-05,144.919998,145.399994,140.789993,141.759995,136.706955,3109500
1019,2020-03-06,138.110001,142.649994,136.720001,141.869995,136.813034,2474700
1020,2020-03-09,134.100006,136.139999,125.110001,127.760002,123.205994,3550700
1021,2020-03-10,129.860001,134.020004,122.180000,130.600006,125.944763,4230100
1022,2020-03-11,127.269997,127.790001,117.739998,122.949997,118.567444,3777100
1023,2020-03-12,116.419998,116.419998,103.849998,104.269997,100.553291,3994900
1024,2020-03-13,109.779999,109.980003,98.160004,106.919998,103.108833,3748000
1025,2020-03-16,98.000000,101.820000,88.129997,88.620003,85.461143,3728900
1026,2020-03-17,89.290001,100.550003,88.300003,98.379997,94.873245,5059000
1027,2020-03-18,92.989998,102.949997,89.160004,102.400002,98.749954,3882900
1028,2020-03-19,101.459999,101.559998,96.440002,100.000000,97.429779,2471400
1029,2020-03-20,99.150002,105.839996,97.320000,99.639999,97.079033,5236600
1030,2020-03-23,100.309998,100.309998,88.000000,93.419998,91.018898,3145300
1031,2020-03-24,96.669998,105.650002,95.370003,104.029999,101.356201,2826300
1032,2020-03-25,104.160004,119.620003,101.129997,114.019997,111.089432,3365500
1033,2020-03-26,111.349998,125.279999,110.029999,123.599998,120.423210,2017000
1034,2020-03-27,118.949997,125.290001,116.010002,121.129997,118.016685,1585900
1035,2020-03-30,122.629997,124.440002,118.250000,119.989998,116.905991,2348400
1036,2020-03-31,118.349998,119.419998,112.139999,112.989998,110.085907,3501800
1037,2020-04-01,108.349998,109.470001,101.669998,103.709999,101.044418,1810000
1038,2020-04-02,102.180000,107.639999,101.180000,106.260002,103.528885,1618100
1039,2020-04-03,104.650002,107.300003,103.300003,104.279999,101.599770,1642200
1040,2020-04-06,108.949997,116.099998,108.440002,114.040001,111.108925,2025900
1041,2020-04-07,117.660004,121.220001,115.769997,116.669998,113.671318,1968100
1042,2020-04-08,117.650002,123.029999,116.089996,122.050003,118.913048,1748600
1043,2020-04-09,122.980003,133.139999,122.089996,130.529999,127.175095,2161600
1044,2020-04-13,129.770004,130.539993,125.129997,126.980003,123.716339,1908900
1045,2020-04-14,130.039993,130.800003,126.260002,127.930000,124.641922,1733800
1046,2020-04-15,124.070000,124.400002,120.970001,121.510002,118.386925,1873300
1047,2020-04-16,121.660004,122.029999,117.180000,117.459999,114.441025,2427000
1048,2020-04-17,120.230003,124.940002,119.889999,124.440002,121.241623,1802800
1049,2020-04-20,122.940002,124.629997,121.870003,122.570000,119.419678,1308600
1050,2020-04-21,120.160004,121.940002,117.500000,119.269997,116.204491,1299400
1051,2020-04-22,121.029999,124.589996,119.480003,123.660004,120.481667,1486400
1052,2020-04-23,124.220001,126.699997,123.360001,125.500000,122.274376,1517600
1053,2020-04-24,126.440002,127.860001,124.059998,126.970001,123.706589,1238300
1054,2020-04-27,128.080002,129.830002,127.250000,128.800003,125.489555,1328500
1055,2020-04-28,130.750000,132.160004,126.220001,126.959999,123.696854,1452400
1056,2020-04-29,130.000000,131.570007,127.050003,129.580002,126.249512,1090700
1057,2020-04-30,128.570007,128.570007,123.349998,123.849998,120.666779,1270700
1058,2020-05-01,122.050003,122.050003,119.010002,119.930000,116.847534,1951900
1059,2020-05-04,120.150002,125.980003,119.220001,124.120003,120.929840,2033700
1060,2020-05-05,122.910004,125.839996,122.250000,124.220001,121.027275,1351700
1061,2020-05-06,124.760002,124.839996,121.480003,122.019997,118.883804,1240900
1062,2020-05-07,123.800003,125.360001,123.199997,123.730003,120.549866,1871500
1063,2020-05-08,125.230003,126.709999,122.949997,124.230003,121.037018,1215200
1064,2020-05-11,123.209999,125.010002,122.389999,124.800003,121.592361,1454200
1065,2020-05-12,124.750000,125.589996,121.360001,121.389999,118.270004,1521900
1066,2020-05-13,121.110001,121.940002,116.199997,118.250000,115.210716,1767400
1067,2020-05-14,117.099998,120.629997,114.330002,120.339996,117.246986,1360900
1068,2020-05-15,119.889999,120.980003,116.919998,119.199997,116.136292,2832600
1069,2020-05-18,122.870003,125.839996,122.709999,124.000000,120.812920,1997200
1070,2020-05-19,123.800003,127.430000,122.199997,126.099998,122.858948,1678800
1071,2020-05-20,126.290001,127.089996,122.290001,122.639999,119.487877,1302800
1072,2020-05-21,122.449997,123.790001,120.959999,121.080002,117.967979,1263800
1073,2020-05-22,121.139999,123.970001,120.570000,123.809998,120.627808,856900
1074,2020-05-26,125.720001,127.379997,124.330002,125.230003,122.011322,1189600
1075,2020-05-27,128.490005,128.520004,123.239998,124.900002,121.689796,1203400
1076,2020-05-28,127.330002,127.779999,125.680000,127.389999,124.115791,1325500
1077,2020-05-29,126.470001,127.419998,124.739998,126.309998,123.063545,1794200
1078,2020-06-01,126.300003,130.050003,126.150002,129.070007,125.752625,1134900
1079,2020-06-02,130.089996,130.449997,128.779999,130.320007,126.970497,1162000
1080,2020-06-03,131.369995,132.710007,130.899994,131.600006,128.217590,1397200
1081,2020-06-04,130.649994,130.970001,127.370003,128.789993,125.479805,1366500
1082,2020-06-05,130.710007,136.080002,129.839996,133.789993,130.351303,1508100
1083,2020-06-08,135.110001,135.970001,133.889999,134.789993,131.325592,1355800
1084,2020-06-09,133.100006,133.279999,129.779999,130.309998,126.960739,1581500
1085,2020-06-10,130.500000,131.399994,128.429993,128.559998,125.255722,1617800
1086,2020-06-11,125.169998,125.610001,122.650002,123.480003,120.306290,2478600
1087,2020-06-12,127.690002,128.270004,122.080002,124.050003,120.861649,2360800
1088,2020-06-15,122.040001,125.910004,120.379997,125.250000,122.030800,3525300
1089,2020-06-16,128.649994,129.589996,123.620003,124.360001,121.163673,2932200
1090,2020-06-17,124.980003,125.510002,121.809998,124.169998,120.978554,1834200
1091,2020-06-18,123.129997,124.830002,122.750000,124.559998,121.358528,1453100
1092,2020-06-19,125.959999,126.180000,117.250000,117.250000,114.236412,6013000
1093,2020-06-22,117.349998,120.120003,117.349998,119.449997,116.379868,2374500
1094,2020-06-23,120.910004,121.989998,118.769997,119.480003,116.409103,1834300
1095,2020-06-24,118.029999,120.300003,116.980003,120.040001,116.954704,2063400
1096,2020-06-25,118.309998,118.459999,115.919998,117.320000,115.308426,1765400
1097,2020-06-26,116.889999,117.940002,112.160004,112.610001,110.679192,7075500
1098,2020-06-29,114.230003,118.160004,113.449997,118.120003,116.094719,1533900
1099,2020-06-30,118.169998,118.309998,115.760002,117.230003,115.219978,1779200
1100,2020-07-01,119.330002,121.660004,117.959999,121.349998,119.269325,1968000
1101,2020-07-02,122.269997,123.699997,120.739998,120.940002,118.866356,1525100
1102,2020-07-06,121.970001,122.370003,119.629997,120.449997,118.384758,1833200
1103,2020-07-07,119.080002,119.220001,117.589996,117.760002,115.740891,2115200
1104,2020-07-08,117.220001,118.379997,116.639999,117.250000,115.239632,1715200
1105,2020-07-09,116.669998,117.000000,114.150002,116.290001,114.296089,2243000
1106,2020-07-10,116.120003,119.510002,116.120003,119.169998,117.126709,1321300
1107,2020-07-13,119.599998,121.300003,118.919998,120.169998,118.109558,1432900
1108,2020-07-14,120.360001,122.510002,120.349998,121.839996,119.750923,2113600
1109,2020-07-15,123.250000,125.120003,122.449997,123.150002,121.038467,2277000
1110,2020-07-16,122.800003,123.529999,121.570000,122.629997,120.527374,1372100
1111,2020-07-17,122.959999,124.980003,122.940002,124.820000,122.679832,1936100
1112,2020-07-20,124.010002,124.720001,122.190002,122.620003,120.517555,1228600
1113,2020-07-21,123.309998,125.970001,123.309998,125.279999,123.131943,1758900
1114,2020-07-22,125.459999,128.190002,124.699997,127.879997,125.687363,2663900
1115,2020-07-23,127.470001,129.179993,126.930000,127.339996,125.156616,1460100
1116,2020-07-24,127.809998,128.860001,125.150002,125.620003,123.466118,1431200
1117,2020-07-27,125.290001,125.419998,122.790001,122.980003,120.871384,1328900
1118,2020-07-28,122.190002,125.940002,122.160004,124.650002,122.512749,1322200
1119,2020-07-29,124.339996,125.370003,124.230003,125.010002,122.866577,1081200
1120,2020-07-30,123.510002,123.959999,122.699997,123.750000,121.628174,1433800
1121,2020-07-31,123.419998,124.769997,122.470001,124.459999,122.326004,1246300
1122,2020-08-03,124.099998,124.800003,122.970001,124.040001,121.913208,1217500
1123,2020-08-04,123.440002,125.510002,123.440002,125.019997,122.876396,1504100
1124,2020-08-05,125.480003,129.770004,125.199997,127.029999,124.851936,2132200
1125,2020-08-06,127.790001,129.419998,127.400002,128.199997,126.001877,1498400
1126,2020-08-07,128.279999,130.539993,128.039993,129.899994,127.672722,1223500
1127,2020-08-10,130.369995,133.889999,129.630005,133.570007,131.279816,1784400
1128,2020-08-11,135.000000,135.000000,130.619995,131.110001,128.861984,1443900
1129,2020-08-12,132.240005,134.669998,131.550003,134.190002,131.889175,1496100
1130,2020-08-13,133.429993,135.119995,133.020004,134.660004,132.351120,1073800
1131,2020-08-14,133.669998,134.039993,131.190002,131.889999,129.628616,1299200
1132,2020-08-17,130.580002,131.289993,128.880005,129.679993,127.456497,1697500
1133,2020-08-18,129.520004,130.500000,128.809998,129.360001,127.141991,888100
1134,2020-08-19,130.169998,130.309998,127.750000,128.220001,126.021538,1494800
1135,2020-08-20,127.300003,128.070007,125.959999,126.220001,124.055824,1160000
1136,2020-08-21,126.529999,126.550003,124.849998,125.480003,123.328514,1128800
1137,2020-08-24,125.720001,127.419998,124.879997,127.370003,125.186111,819700
1138,2020-08-25,128.089996,128.100006,125.099998,125.510002,123.358002,1008300
1139,2020-08-26,124.800003,125.099998,122.230003,122.339996,120.242348,1277900
1140,2020-08-27,123.120003,125.099998,123.050003,123.589996,121.470917,1077600
1141,2020-08-28,123.139999,123.879997,121.980003,122.320000,120.222694,1065000
1142,2020-08-31,122.519997,123.910004,122.220001,123.650002,121.529892,1094600
1143,2020-09-01,123.040001,123.489998,121.519997,122.250000,120.153900,1049000
1144,2020-09-02,122.250000,125.190002,121.709999,124.550003,122.414467,1225800
1145,2020-09-03,125.000000,125.900002,121.550003,122.720001,120.615837,1110000
1146,2020-09-04,123.239998,123.680000,118.800003,120.889999,118.817215,1171100
1147,2020-09-08,120.620003,121.000000,117.269997,119.089996,117.048080,1464800
1148,2020-09-09,120.410004,122.269997,119.580002,120.949997,118.876190,1370800
1149,2020-09-10,120.690002,120.690002,117.959999,118.120003,116.094719,1058000
1150,2020-09-11,117.760002,118.160004,116.639999,117.800003,115.780197,1328100
1151,2020-09-14,118.510002,119.540001,117.580002,119.150002,117.107048,1699100
1152,2020-09-15,119.820000,121.180000,117.050003,117.629997,115.613106,1065700
1153,2020-09-16,117.940002,121.419998,117.209999,120.839996,118.768066,1520300
1154,2020-09-17,119.599998,121.120003,118.680000,121.029999,118.954819,1801000
1155,2020-09-18,120.660004,121.339996,118.730003,119.980003,117.922829,3948100
1156,2020-09-21,118.250000,118.989998,116.500000,116.660004,114.659744,1730400
1157,2020-09-22,117.150002,119.760002,116.870003,119.050003,117.008766,1575100
1158,2020-09-23,119.080002,119.250000,114.410004,114.500000,112.536781,1732700
1159,2020-09-24,113.300003,116.900002,112.330002,115.739998,114.803284,1439700
1160,2020-09-25,114.910004,117.800003,114.790001,117.610001,116.658157,1102200
1161,2020-09-28,117.900002,118.720001,116.580002,116.709999,115.765434,1298900
1162,2020-09-29,116.980003,117.989998,115.650002,116.180000,115.239731,951300
1163,2020-09-30,116.959999,118.849998,116.669998,118.360001,117.402084,1627900
1164,2020-10-01,119.379997,120.250000,118.279999,119.129997,118.165848,1335100
1165,2020-10-02,118.059998,121.339996,117.699997,120.500000,119.524765,1248200
1166,2020-10-05,121.419998,121.860001,119.690002,121.769997,120.784485,949700
1167,2020-10-06,122.099998,124.860001,121.250000,122.230003,121.240768,1124600
1168,2020-10-07,122.389999,123.500000,121.040001,122.720001,121.726799,1074800
1169,2020-10-08,123.489998,127.209999,123.180000,126.709999,125.684502,1026100
1170,2020-10-09,127.510002,127.510002,124.690002,126.010002,124.990173,897000
1171,2020-10-12,125.669998,127.570000,124.980003,126.779999,125.753937,807400
1172,2020-10-13,125.879997,127.269997,125.709999,126.550003,125.525803,1211100
1173,2020-10-14,127.190002,128.029999,126.070000,127.089996,126.061424,975200
1174,2020-10-15,125.739998,129.389999,125.559998,128.539993,127.499687,1446700
1175,2020-10-16,128.660004,129.880005,127.540001,128.110001,127.073174,1344000
1176,2020-10-19,128.679993,129.850006,126.820000,127.970001,126.934311,1523700
1177,2020-10-20,129.009995,130.399994,128.289993,129.679993,128.630463,988900
1178,2020-10-21,129.779999,130.509995,128.800003,129.300003,128.253540,1199800
1179,2020-10-22,129.630005,132.490005,128.270004,132.279999,131.209427,1134100
1180,2020-10-23,133.110001,134.009995,131.669998,133.860001,132.776642,1166200
1181,2020-10-26,132.850006,132.850006,130.279999,131.320007,130.257202,1206600
1182,2020-10-27,131.100006,132.460007,130.250000,130.270004,129.215698,1353100
1183,2020-10-28,128.300003,130.149994,125.720001,126.099998,125.079445,1676100
1184,2020-10-29,125.550003,129.220001,124.680000,127.220001,126.190376,1248600
1185,2020-10-30,126.370003,127.570000,123.980003,125.360001,124.345436,1534800
1186,2020-11-02,127.000000,128.039993,125.830002,127.620003,126.587143,1347000
1187,2020-11-03,129.240005,130.410004,128.589996,129.100006,128.055176,935400
1188,2020-11-04,128.800003,131.899994,128.059998,128.429993,127.390579,929800
1189,2020-11-05,126.769997,130.929993,126.769997,127.010002,125.982079,1572700
1190,2020-11-06,127.370003,128.289993,124.639999,124.830002,123.819725,1648400
1191,2020-11-09,131.240005,133.580002,129.979996,130.389999,129.334717,2148000
1192,2020-11-10,130.509995,136.809998,130.429993,135.960007,134.859650,2771500
1193,2020-11-11,136.350006,136.619995,132.809998,133.639999,132.558426,1998700
1194,2020-11-12,132.830002,133.360001,130.320007,132.300003,131.229263,1660100
1195,2020-11-13,133.350006,135.270004,132.139999,134.550003,133.461060,1535200
1196,2020-11-16,136.940002,137.470001,134.339996,135.440002,134.343857,1399200
1197,2020-11-17,134.770004,135.449997,133.729996,134.059998,132.975021,1635800
1198,2020-11-18,135.210007,136.360001,133.020004,133.039993,131.963272,1691700
1199,2020-11-19,132.289993,133.029999,129.460007,130.250000,129.195862,1711500
1200,2020-11-20,130.350006,131.910004,130.100006,130.419998,129.364471,1353100
1201,2020-11-23,130.850006,131.949997,129.789993,131.039993,129.979462,1366200
1202,2020-11-24,132.320007,133.220001,131.669998,132.309998,131.239182,1180200
1203,2020-11-25,132.309998,132.360001,130.559998,131.960007,130.892029,1281700
1204,2020-11-27,131.779999,131.979996,130.029999,130.460007,129.404160,482000
1205,2020-11-30,129.800003,130.449997,127.260002,127.480003,126.448280,2438400
1206,2020-12-01,128.559998,129.949997,127.639999,127.760002,126.726013,1369700
1207,2020-12-02,128.630005,131.589996,127.660004,131.429993,130.366302,2449300
1208,2020-12-03,130.850006,132.770004,130.070007,132.009995,130.941605,1772100
1209,2020-12-04,131.509995,132.419998,127.379997,128.169998,127.132690,2494000
1210,2020-12-07,127.650002,129.000000,127.199997,128.229996,127.192200,1576700
1211,2020-12-08,127.570000,130.050003,127.570000,129.300003,128.253540,1569200
1212,2020-12-09,129.479996,129.610001,128.350006,128.960007,127.916306,1359800
1213,2020-12-10,129.179993,129.500000,128.100006,128.729996,127.688156,1312200
1214,2020-12-11,127.610001,128.960007,127.230003,128.000000,126.964066,1680600
1215,2020-12-14,129.009995,130.020004,128.000000,128.039993,127.003738,1398800
1216,2020-12-15,128.949997,131.500000,128.100006,130.949997,129.890182,1665800
1217,2020-12-16,131.589996,131.979996,129.100006,129.119995,128.074997,1719300
1218,2020-12-17,128.949997,132.699997,128.619995,131.740005,131.740005,2982900
1219,2020-12-18,132.330002,132.779999,129.990005,130.699997,130.699997,3734200
1220,2020-12-21,128.889999,129.320007,126.500000,126.709999,126.709999,2324600
1221,2020-12-22,126.559998,127.400002,125.650002,126.269997,126.269997,963300
1222,2020-12-23,127.150002,127.879997,125.889999,125.949997,125.949997,743100
1223,2020-12-24,125.970001,126.180000,124.720001,125.900002,125.900002,369800
1224,2020-12-28,126.339996,127.889999,126.120003,126.489998,126.489998,799200
1225,2020-12-29,127.110001,127.410004,126.110001,126.389999,126.389999,806900
1226,2020-12-30,126.180000,127.089996,125.260002,125.820000,125.820000,1312900
1227,2020-12-31,125.910004,127.570000,125.010002,127.410004,127.410004,948100
1228,2021-01-04,127.239998,127.470001,123.260002,123.800003,123.800003,2022000
1229,2021-01-05,124.000000,124.330002,121.769997,123.410004,123.410004,2390100
1230,2021-01-06,123.720001,124.930000,122.500000,123.809998,123.809998,1902900
1231,2021-01-07,124.019997,124.639999,119.459999,119.900002,119.900002,2617200
1232,2021-01-08,120.389999,120.529999,119.389999,119.779999,119.779999,2843600
1233,2021-01-11,119.709999,120.220001,117.260002,118.410004,118.410004,2830200
1234,2021-01-12,117.970001,118.199997,114.839996,118.000000,118.000000,2567900
1235,2021-01-13,118.099998,121.629997,117.669998,121.150002,121.150002,2207300
1236,2021-01-14,122.000000,124.830002,121.660004,122.529999,122.529999,2867700
1237,2021-01-15,122.339996,124.349998,121.550003,122.160004,122.160004,1600100
1238,2021-01-19,122.400002,122.750000,121.050003,121.480003,121.480003,1587500
1239,2021-01-20,121.089996,123.129997,120.570000,122.870003,122.870003,1680300
1240,2021-01-21,122.080002,123.379997,122.010002,122.370003,122.370003,1456900
1241,2021-01-22,122.099998,122.709999,120.589996,121.449997,121.449997,1275300
1242,2021-01-25,121.000000,126.169998,120.500000,125.970001,125.970001,2531100
1243,2021-01-26,126.320000,126.870003,124.580002,124.589996,124.589996,1412400
1244,2021-01-27,123.879997,124.220001,118.910004,119.949997,119.949997,2055600
1245,2021-01-28,120.940002,125.269997,120.260002,124.690002,124.690002,2335700
1246,2021-01-29,124.000000,126.559998,123.080002,123.760002,123.760002,2785200
1247,2021-02-01,123.800003,125.500000,122.360001,124.940002,124.940002,1549400
1248,2021-02-02,125.820000,127.430000,124.199997,124.580002,124.580002,1572000
1249,2021-02-03,124.160004,125.110001,122.879997,123.330002,123.330002,1194100
1250,2021-02-04,123.010002,126.260002,122.690002,126.070000,126.070000,1124700
1251,2021-02-05,126.769997,127.080002,125.480003,126.239998,126.239998,917100
1252,2021-02-08,126.099998,126.639999,124.580002,124.849998,124.849998,1078700
1253,2021-02-09,125.169998,125.879997,123.900002,125.339996,125.339996,722100
1254,2021-02-10,126.180000,127.610001,125.639999,126.849998,126.849998,1119200
1255,2021-02-11,126.010002,126.680000,125.440002,125.800003,125.800003,1163300
1256,2021-02-12,125.389999,125.959999,123.339996,124.500000,124.500000,1125700
1257,2021-02-16,124.500000,125.500000,123.599998,124.680000,124.680000,1017800
1258,2021-02-17,125.000000,125.150002,123.260002,124.610001,124.610001,770500
1259,2021-02-18,124.260002,124.900002,123.540001,124.269997,124.269997,1242400
1260,2021-02-19,124.809998,125.459999,124.000000,125.070000,125.070000,201793
